"icon","set_id","lang","name","desc"
UI_RelicIcon_15003_1,15003,zh,吟游者之壶,外形奇妙的古代水壶，内侧安装着琴弦，随流水而奏出无旋律的奇妙乐声。
UI_RelicIcon_15003_2,15003,zh,琴师的箭羽,青蓝色的箭羽，并未在漫长岁月中褪色破碎。似乎带来了落珠流水的琴声。
UI_RelicIcon_15003_3,15003,zh,指挥的礼帽,尽管饱经风霜，但依旧光彩照人的礼帽。其中似乎回荡着古老悠扬的乐声。
UI_RelicIcon_15003_4,15003,zh,乐团的晨光,小小的花形徽章。侧耳细听的话，仿佛能听到悠扬的笛声和清新的歌唱声。
UI_RelicIcon_15003_5,15003,zh,终幕的时计,为乐团的演奏计时的沙漏，曾发出利落的声响。如今他们的表演已经落幕。
UI_RelicIcon_15003_1,15003,en,Wanderer's String-Kettle,"An ancient, strangely-shaped canteen. The interior is fitted with harp strings, which play a wondrous tune as the water flows out."
UI_RelicIcon_15003_2,15003,en,Bard's Arrow Feather,An azure arrow fletching that has neither faded nor splintered with the passage of time. The sound of running water seems to linger around it.
UI_RelicIcon_15003_3,15003,en,Conductor's Top Hat,A top hat that has managed to retain its radiance despite braving the elements for time untold. An ancient tune still resonates within.
UI_RelicIcon_15003_4,15003,en,Troupe's Dawnlight,"A small flower-shaped insignia. If you listen carefully, you can almost hear a flute playing and voices singing."
UI_RelicIcon_15003_5,15003,en,Concert's Final Hour,"An hourglass used to keep time during a band performance. It once made a crisp sound, but their performance has since ended."
UI_RelicIcon_15003_1,15003,ja,吟遊者の水筒,変わった形をした水筒、内側に弦があって、水の流れと共に旋律のない音楽を奏でる。
UI_RelicIcon_15003_2,15003,ja,琴師の矢羽,青藍色の矢羽、長い年月の中で少しも色褪せない。水の流れのような琴の音さえ聞こえるようだ。
UI_RelicIcon_15003_3,15003,ja,指揮者のハット,長い年月を経ても、輝きを失わない礼帽。古く抑揚のある音楽さえ聞こえてくるようだ。
UI_RelicIcon_15003_4,15003,ja,楽団の朝の光,小さい花の形をしたバッジ。耳をすませば、笛の音や歌声が聞こえるかもしれない。
UI_RelicIcon_15003_5,15003,ja,フィナーレの時計,楽団の演奏に使用されていた砂時計、きちんとした音を出していたが、彼らのパフォーマンスはとうに幕を閉じた。
UI_RelicIcon_15003_1,15003,ko,음유시인의 주전자,이상한 외형의 고대 물주전자. 안쪽에 악기의 줄이 달려 있어 물을 따를 때마다 선율이 없는 기묘한 악기 소리가 난다
UI_RelicIcon_15003_2,15003,ko,연주자의 화살깃,파란색의 화살깃. 오랜 세월이 흘렀지만 색이 바래지지 않고 모양도 그대로이다. 마치 옥구슬 구르는 것과 같은 악기 소리가 난다
UI_RelicIcon_15003_3,15003,ko,지휘의 탑 햇,산전수전을 모두 다 겪었음에도 불구하고 여전히 화사한 모자. 은은한 악기 소리가 울려 퍼지는 것만 같다
UI_RelicIcon_15003_4,15003,ko,악단의 서광,조그마한 꽃 모양의 배지. 자세히 들어보면 마치 은은한 피리 소리와 맑은 노랫소리가 들리는 것만 같다
UI_RelicIcon_15003_5,15003,ko,피날레의 시계,악단의 연주 시간을 계산하기 위한 모래시계. 과거 경쾌한 소리가 울려 퍼졌었다. 그들의 공연은 이제 볼 수 없다
UI_RelicIcon_10007_1,10007,zh,教官的茶杯,虽然在外人看来只是普通的茶杯，但在学员眼里可是教官权力的象征。
UI_RelicIcon_10007_2,10007,zh,教官的羽饰,熟知如何化解攻击力道的教官，不会让这种羽饰被劲风吹掉。
UI_RelicIcon_10007_3,10007,zh,教官的帽子,制式的教官帽子。是拒绝了晋升的军官才能获得的殊荣。
UI_RelicIcon_10007_4,10007,zh,教官的胸花,教官的胸口别着这种花的时候，意味着今日不练兵。
UI_RelicIcon_10007_5,10007,zh,教官的怀表,不能用来看时间的怀表，是完全奉献给训练的计时工具。
UI_RelicIcon_10007_1,10007,en,Instructor's Tea Cup,"It may seem like an ordinary tea cup to most. But to students, it is the symbol of the instructor's authority."
UI_RelicIcon_10007_2,10007,en,Instructor's Feather Accessory,Any instructor who has mastered the art of de-escalation knows to keep this accessory firmly in their grasp at all times.
UI_RelicIcon_10007_3,10007,en,Instructor's Cap,"A standard-issue honorary instructor's cap, only granted to those who turn down a promotion."
UI_RelicIcon_10007_4,10007,en,Instructor's Brooch,"Whenever the instructor wore this brooch, it meant there would be no training sessions that day."
UI_RelicIcon_10007_5,10007,en,Instructor's Pocket Watch,A stopwatch used not for general timekeeping but to measure the duration of a training session.
UI_RelicIcon_10007_1,10007,ja,教官のティーカップ,普通のティーカップだが、生徒からするとそれは教官の権力を象徴するものである。
UI_RelicIcon_10007_2,10007,ja,教官の羽飾り,攻撃の力を和らげる方法を熟知している教官は、羽飾りが風に飛ばされないようにすることができる。
UI_RelicIcon_10007_3,10007,ja,教官の帽子,制式化された教官帽子。昇級を拒んだ軍官のみが得られる栄誉。
UI_RelicIcon_10007_4,10007,ja,教官の花飾り,胸にこの花を付ける時は、今日は訓練しないという意味だ。
UI_RelicIcon_10007_5,10007,ja,教官の懐中時計,正しい時間の確認に使えない懐中時計だが、訓練の時間なら測ることができる。
UI_RelicIcon_10007_1,10007,ko,교관의 찻잔,외부인의 눈에는 평범한 찻잔이지만 수강생의 눈에는 교관 권력의 상징으로 비친다
UI_RelicIcon_10007_2,10007,ko,교관의 깃털장식,받는 힘을 무력화하는 방법을 익히 알고 있는 교관은 아무리 강한 바람이 불어도 깃털장식이 날아가게 하지 않는다
UI_RelicIcon_10007_3,10007,ko,교관의 모자,제식의 교관 모자. 승진을 거부한 장교만이 얻을 수 있는 특별한 영예다
UI_RelicIcon_10007_4,10007,ko,교관의 브로치,교관의 가슴에 이런 꽃을 꽂았을 때는 오늘은 훈련이 없다는 것을 뜻한다
UI_RelicIcon_10007_5,10007,ko,교관의 회중시계,"시간을 확인할 수 없는, 훈련에만 사용하는 시간을 재는 도구이다"
UI_RelicIcon_15040_1,15040,zh,深廊的饫赐之宴,由北国的玉石打造而成的杯盏，据说曾是古老的文明用以向高天奉献的礼器。
UI_RelicIcon_15040_2,15040,zh,深廊的漫远之约,由北国的玉石打造而成的羽饰，折射出的幽光仿佛不应属于这个世界。
UI_RelicIcon_15040_3,15040,zh,深廊的遂失之冕,如同其旧主的心神一般，为「执念」所浸染的盔面。其上装饰的玉石似乎来自更古老的时代。
UI_RelicIcon_15040_4,15040,zh,深廊的回奏之歌,由北国的玉石打造而成的冰之花，花瓣已然在漫长的岁月中湮落成尘。
UI_RelicIcon_15040_5,15040,zh,深廊的湮落之刻,由北国的玉石打造而成的怀表，指针已永久停驻于湮灭的那一刻。
UI_RelicIcon_15040_1,15040,en,Deep Gallery's Bestowed Banquet,A cup fashioned from northland jade. They say that the people of an ancient civilization once used it as a ceremonial vessel to make offerings to the heavens.
UI_RelicIcon_15040_2,15040,en,Deep Gallery's Distant Pact,A feathered accessory fashioned from northland jade that shimmers with an otherworldly glow.
UI_RelicIcon_15040_3,15040,en,Deep Gallery's Lost Crown,"A helmet steeped in obsession, just like the mind of its previous owner. Its jade ornamentation seems to come from an age more ancient still."
UI_RelicIcon_15040_4,15040,en,Deep Gallery's Echoing Song,"An icy flower fashioned from northland jade. Over the course of its long life, its petals have crumbled to dust."
UI_RelicIcon_15040_5,15040,en,Deep Gallery's Moment of Oblivion,A pocket watch fashioned from northland jade. Its hands are forever frozen in the moment of its destruction.
UI_RelicIcon_15040_1,15040,ja,深廊の招宴,北国の宝石から作られた盃。古い文明が高天に献上していた礼器だと言われている。
UI_RelicIcon_15040_2,15040,ja,深廊の遥かな契り,北国の宝石から作られた羽飾り。この世のものとは思えない幽かな光をちらつかせている。
UI_RelicIcon_15040_3,15040,ja,深廊の失われた冠,かつての持ち主の心のように「執念」に染まった兜。額の部分に飾られている宝石は、さらに古い時代のものらしい。
UI_RelicIcon_15040_4,15040,ja,深廊に響く歌,北国の宝石から作られた氷の花。花びらは長い年月の中で粉々になった。
UI_RelicIcon_15040_5,15040,ja,深廊が埋もれる刻,北国の宝石から作られた懐中時計。針は消え去る瞬間に、永久に止まることとなった。
UI_RelicIcon_15040_1,15040,ko,깊은 회랑의 연회,북국의 옥석으로 만든 잔. 고대 문명이 높은 하늘에 바치던 제사 도구라고 한다
UI_RelicIcon_15040_2,15040,ko,깊은 회랑의 요원한 약속,북국의 옥석으로 만든 깃털 장식. 희미하게 반사되는 어두운 빛은 마치 이 세상의 것이 아닌 듯하다
UI_RelicIcon_15040_3,15040,ko,깊은 회랑의 추락한 왕관,옛 주인의 마음처럼 「집념」으로 물든 투구. 위에 장식된 옥석은 더 오래전 시대의 것으로 보인다
UI_RelicIcon_15040_4,15040,ko,깊은 회랑의 메아리치는 노래,북국의 옥석으로 만든 얼음 꽃. 꽃잎은 이미 기나긴 세월 속에 먼지가 되었다
UI_RelicIcon_15040_5,15040,ko,깊은 회랑의 소멸된 순간,북국의 옥석으로 만든 회중시계. 바늘은 소멸의 순간에 영원히 멈춰있다
UI_RelicIcon_15015_1,15015,zh,夏祭水玉,诺艾尔专用
UI_RelicIcon_15015_2,15015,zh,夏祭终末,诺艾尔专用
UI_RelicIcon_15015_3,15015,zh,夏祭之面,诺艾尔专用
UI_RelicIcon_15015_4,15015,zh,夏祭之花,诺艾尔专用
UI_RelicIcon_15015_5,15015,zh,夏祭之刻,诺艾尔专用
UI_RelicIcon_15015_1,15015,en,Summer Night's Waterballoon,""
UI_RelicIcon_15015_2,15015,en,Summer Night's Finale,""
UI_RelicIcon_15015_3,15015,en,Summer Night's Mask,""
UI_RelicIcon_15015_4,15015,en,Summer Night's Bloom,""
UI_RelicIcon_15015_5,15015,en,Summer Night's Moment,""
UI_RelicIcon_15015_1,15015,ja,夏祭りの水風船,""
UI_RelicIcon_15015_2,15015,ja,夏祭りの終わり,""
UI_RelicIcon_15015_3,15015,ja,夏祭りの仮面,""
UI_RelicIcon_15015_4,15015,ja,夏祭りの花,""
UI_RelicIcon_15015_5,15015,ja,夏祭りの刻,""
UI_RelicIcon_15015_1,15015,ko,여름 축제의 물풍선,""
UI_RelicIcon_15015_2,15015,ko,여름 축제의 끝,""
UI_RelicIcon_15015_3,15015,ko,여름 축제의 가면,""
UI_RelicIcon_15015_4,15015,ko,여름 축제의 꽃,""
UI_RelicIcon_15015_5,15015,ko,여름 축제의 시계,""
UI_RelicIcon_10012_1,10012,zh,学士的墨杯,原本是饮水用的容器，因为常用来洗笔而被染黑。
UI_RelicIcon_10012_2,10012,zh,学士的羽笔,用做书写工具的某种鸟类尾羽，根部已经被浸成洗不去的黑。
UI_RelicIcon_10012_3,10012,zh,学士的镜片,大量的阅读会伤害读者的视力；为了弥补这样的损伤，而定制的道具。
UI_RelicIcon_10012_4,10012,zh,学士的书签,用来充当书签的干花，吸满了书卷的香气。
UI_RelicIcon_10012_5,10012,zh,学士的时钟,适合放在桌面上的小钟，对久不见天日的学者来说是唯一的时间参考吧。
UI_RelicIcon_10012_1,10012,en,Scholar's Ink Cup,"Originally designed to hold drinking water, this cup was stained black after a scholar used it to wash their paint brushes."
UI_RelicIcon_10012_2,10012,en,Scholar's Quill Pen,A bird's feather that serves as a quill pen. The tip has long been stained black.
UI_RelicIcon_10012_3,10012,en,Scholar's Lens,This corrective lens helped restore the vision of one whose eyes were damaged from intensive studying.
UI_RelicIcon_10012_4,10012,en,Scholar's Bookmark,A dried flower used as a bookmark. It has absorbed the scent from the pages.
UI_RelicIcon_10012_5,10012,en,Scholar's Clock,"A small desktop clock, whose former owner was a scholar sat in a windowless room buried in books. This was probably the only reference they had to the time of day."
UI_RelicIcon_10012_1,10012,ja,学者のコップ,水を飲むための容器だったが、筆を洗う容器に使われたため、真っ黒に染まった。
UI_RelicIcon_10012_2,10012,ja,学者の羽根ペン,ペンに作られたある鳥類の尾羽、根元は洗っても消えないほどの黒である。
UI_RelicIcon_10012_3,10012,ja,学者のレンズ,大量の読書によってダメージを受けた視力はこれがあれば問題ない。
UI_RelicIcon_10012_4,10012,ja,学者のしおり,しおりに使われた乾燥花、書籍のにおいがする。
UI_RelicIcon_10012_5,10012,ja,学者の時計,机に置くのに適した時計。研究に没頭する学者に時間を教える。
UI_RelicIcon_10012_1,10012,ko,학사의 먹잔,본디 물을 마시는데 사용하는 용기였는데 펜을 자주 헹궈 검게 물들었다
UI_RelicIcon_10012_2,10012,ko,학사의 깃펜,필기도구로 쓰이는 어떤 조류의 꽁지깃털의 끝은 이미 검게 물들어 씻어낼 수 없다
UI_RelicIcon_10012_3,10012,ko,학사의 렌즈,엄청난 양의 독서는 독자의 시력을 상하게 한다. 이런 손상을 보완하기 위해 맞춤화된 도구이다
UI_RelicIcon_10012_4,10012,ko,학사의 책갈피,책갈피로 사용하는 말린 꽃은 책의 향을 듬뿍 빨아들였다
UI_RelicIcon_10012_5,10012,ko,학사의 탁상시계,탁상에 놓기에 적합한 작은 시계는 방안에서만 시간을 보내는 학자들에게 시간을 참고할 수 있는 유일한 도구이다
UI_RelicIcon_15012_3,15012,zh,祭风礼冠,在古老的时代，司祭祀之人佩戴的礼冠。过去，风常常从礼冠构成的空洞中穿过。
UI_RelicIcon_15012_3,15012,en,Tiara of Gales,A tiara worn by those tasked with offering sacrifices in ancient times. Wind once freely flowed through the various openings in the headdress.
UI_RelicIcon_15012_3,15012,ja,風祭りの冠,大昔の時代の司祭が使用していた冠。昔、風はよく冠の隙間を通っていた。
UI_RelicIcon_15012_3,15012,ko,제풍의 관,옛날 옛적에 사제를 지낸 사람이 쓰던 예관(禮冠). 과거 바람이 예관의 구멍을 자주 관통했다
UI_RelicIcon_15007_1,15007,zh,宗室银瓮,九条裟罗专用
UI_RelicIcon_15007_2,15007,zh,宗室之翎,九条裟罗专用
UI_RelicIcon_15007_3,15007,zh,宗室面具,九条裟罗专用
UI_RelicIcon_15007_4,15007,zh,宗室之花,九条裟罗专用
UI_RelicIcon_15007_5,15007,zh,宗室时计,九条裟罗专用
UI_RelicIcon_15007_1,15007,en,Royal Silver Urn,""
UI_RelicIcon_15007_2,15007,en,Royal Plume,""
UI_RelicIcon_15007_3,15007,en,Royal Masque,""
UI_RelicIcon_15007_4,15007,en,Royal Flora,""
UI_RelicIcon_15007_5,15007,en,Royal Pocket Watch,""
UI_RelicIcon_15007_1,15007,ja,旧貴族の銀瓶,""
UI_RelicIcon_15007_2,15007,ja,旧貴族の羽根,""
UI_RelicIcon_15007_3,15007,ja,旧貴族の仮面,""
UI_RelicIcon_15007_4,15007,ja,旧貴族の花,""
UI_RelicIcon_15007_5,15007,ja,旧貴族の時計,""
UI_RelicIcon_15007_1,15007,ko,왕실의 은항아리,""
UI_RelicIcon_15007_2,15007,ko,왕실의 깃털,""
UI_RelicIcon_15007_3,15007,ko,왕실의 가면,""
UI_RelicIcon_15007_4,15007,ko,왕실의 꽃,""
UI_RelicIcon_15007_5,15007,ko,왕실의 시계,""
UI_RelicIcon_15031_1,15031,zh,遗忘的容器,容纳烈酒的便携金属容器，适合放在大衣口袋中随时使用。
UI_RelicIcon_15031_2,15031,zh,杰作的序曲,用于调整旧式机关发条力矩的便携工具。如今失去了实用价值。
UI_RelicIcon_15031_3,15031,zh,老兵的容颜,老旧的面具，能够一定程度上替代因伤害而损毁的面容。依据伤残的面积、使用者的性别，有不同的设计。
UI_RelicIcon_15031_4,15031,zh,猎人的胸花,老旧的勋章，在过去曾被用来配发给在战斗中做出了杰出贡献的人。
UI_RelicIcon_15031_5,15031,zh,裁判的时刻,制式的怀表，走时精准度并不算高。
UI_RelicIcon_15031_1,15031,en,Forgotten Vessel,A portable metal vessel containing strong wine. Can be stuffed into the pocket of an outer coat for ease of access and use.
UI_RelicIcon_15031_2,15031,en,Masterpiece's Overture,A portable tool used to adjust the torque on some old-school clockwork machine. It has since lost its practical value.
UI_RelicIcon_15031_3,15031,en,Veteran's Visage,"An old mask that can, to some extent, stand in for a face marred by wounds. Its design can vary based on the wounded areas and the user's gender."
UI_RelicIcon_15031_4,15031,en,Hunter's Brooch,An ancient emblem that was once awarded to those who had made exceptional contributions in battle.
UI_RelicIcon_15031_5,15031,en,Moment of Judgment,A standard pocket watch. Its accuracy is not particularly high.
UI_RelicIcon_15031_1,15031,ja,忘却の容器,強い酒を入れる携帯用の金属容器。コートのポケットに常備しておくのに最適。
UI_RelicIcon_15031_2,15031,ja,傑作の序曲,旧式のクロックワーク·マシナリーのトルクを調整する携帯式工具。今は実用的な価値を失っている。
UI_RelicIcon_15031_3,15031,ja,老兵の容貌,ある程度、負傷した顔の代わりになる古いマスク。怪我の度合いや使用者の性別によって、さまざまなデザインがある。
UI_RelicIcon_15031_4,15031,ja,狩人の胸花,過去の戦いにおいて、顕著な功績を残した者に贈られた古い勲章。
UI_RelicIcon_15031_5,15031,ja,審判の刻,制式化された懐中時計。その精度は特別高いわけではない。
UI_RelicIcon_15031_1,15031,ko,잊힌 술병,독한 술을 담는 금속 용기. 코트 주머니에 넣어 휴대하기 편하다
UI_RelicIcon_15031_2,15031,ko,걸작의 서곡,구식 장치 태엽의 모멘트를 조정하는 데 사용하는 휴대용 도구. 지금은 사용 가치를 잃었다
UI_RelicIcon_15031_3,15031,ko,노병의 얼굴,낡은 가면. 부상으로 다친 얼굴을 어느 정도 감출 수 있다. 부상 면적과 사용자 성별에 따라 다양한 디자인이 있다
UI_RelicIcon_15031_4,15031,ko,사냥꾼의 브로치,낡은 훈장. 전투에서 걸출한 공헌을 한 사람에게 수여된다
UI_RelicIcon_15031_5,15031,ko,심판의 시간,제식 회중시계. 정확도가 그다지 높지 않다
UI_RelicIcon_15011_3,15011,zh,祭雷礼冠,在古老的时代，司祭祀之人佩戴的礼冠。因为常年聆听着雷鸣，具有奇妙的抗性。
UI_RelicIcon_15011_3,15011,en,Tiara of Thunder,"A tiara worn by those tasked with offering sacrifices in ancient times. Because it harkened to the call of thunder year in and year out, it possesses remarkable resistance."
UI_RelicIcon_15011_3,15011,ja,雷祭りの冠,大昔の時代の司祭が使用していた冠。長年雷鳴を傾聴していたため、不思議な耐性を持っている。
UI_RelicIcon_15011_3,15011,ko,제뢰의 관,옛날 옛적에 사제를 지낸 사람이 쓰던 예관(禮冠). 오랫동안 뇌명을 들어 기묘한 내성이 생겼다
UI_RelicIcon_15024_1,15024,zh,涌泉之盏,能够源源不断涌出清泉的茶盏。或许是仙家的赠礼、遗物或是失物吧。
UI_RelicIcon_15024_2,15024,zh,垂玉之叶,宛如叶片的玉佩。过去在特定的友人之间，似乎有着特殊的含义。
UI_RelicIcon_15024_3,15024,zh,浮溯之珏,由一块美玉制成的对耳环。有着无比温润的感觉。
UI_RelicIcon_15024_4,15024,zh,魂香之花,花型的玉雕。魂香幽幽的气息似有似无地萦绕其中。
UI_RelicIcon_15024_5,15024,zh,祝祀之凭,圆形的玉佩。在某个传说中，它是何地之祭祀肇始的凭证。
UI_RelicIcon_15024_1,15024,en,Chalice of the Font,"This teacup forever overflows with fresh water. Perhaps it was a gift from an adeptus, one of their relics, or just something they left behind."
UI_RelicIcon_15024_2,15024,en,Jade Leaf,A jade ornament shaped like a leaf. It seems to have once had deep meaning between specific friends.
UI_RelicIcon_15024_3,15024,en,Flowing Rings,A pair of earrings made from a single piece of jade. It has a most gentle texture.
UI_RelicIcon_15024_4,15024,en,Soulscent Bloom,"A jade carved into the shape of a flower. A phantom scent, here one instant and gone the next, swirls around it."
UI_RelicIcon_15024_5,15024,en,Symbol of Felicitation,A circular jade ornament. Legend has it that it was once used somewhere as a symbol for rituals to begin.
UI_RelicIcon_15024_1,15024,ja,湧水の杯,水が永遠に湧き出る杯。恐らくは仙人からの贈り物か遺物、もしくは落とし物だろう。
UI_RelicIcon_15024_2,15024,ja,垂玉の葉,葉っぱの形をした玉佩。かつて、ある友人たちの間で特別な意味を持っていたようだ。
UI_RelicIcon_15024_3,15024,ja,浮流の対玉,美しい玉石をあしらった耳飾り。優しい温もりが紛れもなく感じられる。
UI_RelicIcon_15024_4,15024,ja,魂香の花,花の形をした宝玉の彫刻。幽幽たる魂の気を纏っている。
UI_RelicIcon_15024_5,15024,ja,祭祀の証,円形の玉佩。とある伝説では、儀式を開始する時の証として使われていたという。
UI_RelicIcon_15024_1,15024,ko,샘물의 찻잔,"맑은 샘물이 끊임없이 흘러나오는 찻잔. 선인의 선물, 유물, 분실물 중 하나인 것 같다"
UI_RelicIcon_15024_2,15024,ko,옥의 잎,나뭇잎처럼 생긴 옥패. 과거에 특정 친구 관계 사이에서는 특별한 의미를 갖고 있었던 것 같다
UI_RelicIcon_15024_3,15024,ko,추억의 보옥,"아름다운 옥으로 만들어진 귀걸이, 부드럽고 따뜻함이 느껴진다"
UI_RelicIcon_15024_4,15024,ko,혼향의 꽃,꽃 모양의 옥 조각. 영혼의 향기가 느껴질 듯 말 듯 주변을 맴돌고 있다
UI_RelicIcon_15024_5,15024,ko,축사의 증명,"원형 모양의 옥패, 어느 전설에 의하면, 이 옥패는 어느 지역 제사의 시작을 알리는 증거라고 한다"
UI_RelicIcon_10009_1,10009,zh,流放者之杯,黯淡的重金属制成的杯形器皿，可以看出外壁上原本镶有宝石，又被挖掉了。
UI_RelicIcon_10009_2,10009,zh,流放者之羽,并不是刻意的装饰物，只是在荒野流浪中偶然沾上的不知名的鸟羽。
UI_RelicIcon_10009_3,10009,zh,流放者头冠,尊贵的头冠，昭示身份的徽记被用刀划破，原本的显贵身份已被废黜。
UI_RelicIcon_10009_4,10009,zh,流放者之花,带在身上的黯淡的花。是流放之身也要带着，一定有重要的意义吧。
UI_RelicIcon_10009_5,10009,zh,流放者怀表,水晶制成的表镜已经破碎，连表针也全数脱落，但仍然不愿丢弃。
UI_RelicIcon_10009_1,10009,en,Exile's Goblet,"A dull goblet made of a heavy metal. It was once inlaid with gemstones, but they have since been stripped off."
UI_RelicIcon_10009_2,10009,en,Exile's Feather,Not an actual accessory per se. Just a random bird feather that was found somewhere in the wilderness by the exile.
UI_RelicIcon_10009_3,10009,en,Exile's Circlet,"A prestigious circlet. However, the royal insignia has been scratched out, and it is no longer the symbol of distinguished status that it once was."
UI_RelicIcon_10009_4,10009,en,Exile's Flower,"A withered flower worn on the shirt. Its former owner insisted on wearing it even in exile, so it must mean something."
UI_RelicIcon_10009_5,10009,en,Exile's Pocket Watch,"Even after the crystal watch face was shattered and the hands lost, its former owner kept it until the end."
UI_RelicIcon_10009_1,10009,ja,亡命者のコップ,薄暗い重金属でできたコップ。外側には宝石の装飾があったが、今はもうなくなった。
UI_RelicIcon_10009_2,10009,ja,亡命者の羽根,装飾物ではなく、亡命の旅の途中で偶然手に入れた羽根である。
UI_RelicIcon_10009_3,10009,ja,亡命者の冠,高貴だった冠。本来高貴な身分が廃却されたように、身分を象徴する部分が刀によって壊された。
UI_RelicIcon_10009_4,10009,ja,亡命者の花,薄暗い花、たとえ亡命の身になっても手放すことはないから、きっとなにか意味はあるのであろう。
UI_RelicIcon_10009_5,10009,ja,亡命者の懐中時計,水晶でできた風防は砕け、針も全部なくなったが。それでも捨てられない。
UI_RelicIcon_10009_1,10009,ko,유배자의 잔,어두운 중금속으로 만든 잔 모양의 그릇. 외벽에 보석이 박혀 있다가 다시 도려낸 것을 알 수 있다
UI_RelicIcon_10009_2,10009,ko,유배자의 깃털,"일부러 꾸민 장식물이 아니라, 그저 황야를 떠돌다가 우연히 묻은 이름 모를 새의 깃털이다"
UI_RelicIcon_10009_3,10009,ko,유배자의 머리장식,"존귀한 왕관, 신분을 드러내는 휘장이 칼로 그어지면서 원래의 존귀한 신분이 박탈되었다"
UI_RelicIcon_10009_4,10009,ko,유배자의 꽃,몸에 지니고 있는 어둡고 희미한 꽃. 유배자의 신분으로 아직도 지니고 있는 걸 보면 분명 중요한 의미가 담겨 있는 것 같다
UI_RelicIcon_10009_5,10009,ko,유배자의 회중시계,"수정으로 만들어진 유리는 이미 부서져 있고 시곗바늘까지 전부 떨어져 나갔지만, 여전히 버리려 하지 않는다"
UI_RelicIcon_14001_1,14001,zh,遍结寒霜的傲骨,待定
UI_RelicIcon_14001_2,14001,zh,摧冰而行的执望,待定
UI_RelicIcon_14001_3,14001,zh,破冰踏雪的回音,待定
UI_RelicIcon_14001_4,14001,zh,历经风雪的思念,待定
UI_RelicIcon_14001_5,14001,zh,冰雪故园的终期,待定
UI_RelicIcon_14001_1,14001,en,Frost-Weaved Dignity,""
UI_RelicIcon_14001_2,14001,en,Icebreaker's Resolve,""
UI_RelicIcon_14001_3,14001,en,Broken Rime's Echo,""
UI_RelicIcon_14001_4,14001,en,Snowswept Memory,""
UI_RelicIcon_14001_5,14001,en,Frozen Homeland's Demise,""
UI_RelicIcon_14001_1,14001,ja,霜を纏った気骨,""
UI_RelicIcon_14001_2,14001,ja,氷を砕く執念,""
UI_RelicIcon_14001_3,14001,ja,氷雪を踏む音,""
UI_RelicIcon_14001_4,14001,ja,吹雪の中の思い,""
UI_RelicIcon_14001_5,14001,ja,雪覆う故郷の最後,""
UI_RelicIcon_14001_1,14001,ko,서리를 감싼 기골,""
UI_RelicIcon_14001_2,14001,ko,얼음을 깨며 나아가는 집념,""
UI_RelicIcon_14001_3,14001,ko,빙설을 밟는 소리,""
UI_RelicIcon_14001_4,14001,ko,눈보라를 견딘 그리움,""
UI_RelicIcon_14001_5,14001,ko,눈 덮인 고향의 최후,""
UI_RelicIcon_15016_1,15016,zh,沉波之盏,待定
UI_RelicIcon_15016_2,15016,zh,追忆之风,待定
UI_RelicIcon_15016_3,15016,zh,酒渍船帽,待定
UI_RelicIcon_15016_4,15016,zh,饰金胸花,待定
UI_RelicIcon_15016_5,15016,zh,坚铜罗盘,待定
UI_RelicIcon_15016_1,15016,en,Goblet of Thundering Deep,""
UI_RelicIcon_15016_2,15016,en,Gust of Nostalgia,""
UI_RelicIcon_15016_3,15016,en,Wine-Stained Tricorne,""
UI_RelicIcon_15016_4,15016,en,Gilded Corsage,""
UI_RelicIcon_15016_5,15016,en,Copper Compass,""
UI_RelicIcon_15016_1,15016,ja,浮沈の杯,""
UI_RelicIcon_15016_2,15016,ja,追憶の風,""
UI_RelicIcon_15016_3,15016,ja,酒に漬けた帽子,""
UI_RelicIcon_15016_4,15016,ja,金メッキのコサージュ,""
UI_RelicIcon_15016_5,15016,ja,堅い銅のコンパス,""
UI_RelicIcon_15016_1,15016,ko,해연의 잔,""
UI_RelicIcon_15016_2,15016,ko,추억의 바람,""
UI_RelicIcon_15016_3,15016,ko,술로 얼룩진 수병모,""
UI_RelicIcon_15016_4,15016,ko,도금 브로치,""
UI_RelicIcon_15016_5,15016,ko,단단한 구리 나침반,""
UI_RelicIcon_15018_1,15018,zh,超越之盏,罗莎莉亚专用
UI_RelicIcon_15018_2,15018,zh,贤医之羽,罗莎莉亚专用
UI_RelicIcon_15018_3,15018,zh,嗤笑之面,罗莎莉亚专用
UI_RelicIcon_15018_4,15018,zh,无垢之花,罗莎莉亚专用
UI_RelicIcon_15018_5,15018,zh,停摆之刻,罗莎莉亚专用
UI_RelicIcon_15018_1,15018,en,Surpassing Cup,""
UI_RelicIcon_15018_2,15018,en,Wise Doctor's Pinion,""
UI_RelicIcon_15018_3,15018,en,Mocking Mask,""
UI_RelicIcon_15018_4,15018,en,Stainless Bloom,""
UI_RelicIcon_15018_5,15018,en,Moment of Cessation,""
UI_RelicIcon_15018_1,15018,ja,超越の盃,""
UI_RelicIcon_15018_2,15018,ja,良医の羽,""
UI_RelicIcon_15018_3,15018,ja,嗤笑の面,""
UI_RelicIcon_15018_4,15018,ja,無垢の花,""
UI_RelicIcon_15018_5,15018,ja,停頓の時,""
UI_RelicIcon_15018_1,15018,ko,초월의 잔,""
UI_RelicIcon_15018_2,15018,ko,명의의 깃털,""
UI_RelicIcon_15018_3,15018,ko,조소의 가면,""
UI_RelicIcon_15018_4,15018,ko,무구의 꽃,""
UI_RelicIcon_15018_5,15018,ko,정지된 시간,""
UI_RelicIcon_15025_1,15025,zh,迷误者之灯,本是沙漠形制的油灯，但其上生出了苍翠荧光的绿叶。
UI_RelicIcon_15025_2,15025,zh,翠蔓的智者,飘逸如羽的翠色叶片，取自林中智者的衣衫。
UI_RelicIcon_15025_3,15025,zh,月桂的宝冠,草木的主神赠送的冠冕，曾在迷宫的王之间代代相传，最终由王的侍者继承。
UI_RelicIcon_15025_4,15025,zh,迷宫的游人,从森林王的宝冠上摘下的饰金之花。
UI_RelicIcon_15025_5,15025,zh,贤智的定期,投身贤睿之道者所用的时计，其中盛装的并非无生命的砂砾，而是细小的芥子。
UI_RelicIcon_15025_1,15025,en,Lamp of the Lost,"This was originally an oil lamp in the style of the desert realm, but has since sprouted fluorescent green leaves."
UI_RelicIcon_15025_2,15025,en,Scholar of Vines,An emerald leaf as fluffy as a feather. Plucked from the raiment of a forest scholar.
UI_RelicIcon_15025_3,15025,en,Laurel Coronet,"This crown was bestowed by the deity with dominion over plants and trees. It was an heirloom of the royal house of the labyrinth. It was, at last, made the inheritance of the king's attendant."
UI_RelicIcon_15025_4,15025,en,Labyrinth Wayfarer,This lovely gold-plated flower was plucked from the crown of the ruler of the forest.
UI_RelicIcon_15025_5,15025,en,A Time of Insight,"Such timepieces are used by those who dedicate themselves to the way of the wise. These timepieces do not contain lifeless sand, but instead play host to tiny mustard seeds."
UI_RelicIcon_15025_1,15025,ja,迷い人の灯,元々は砂漠風のランプであったが、濃緑色の光を放つ葉っぱが生えてきた。
UI_RelicIcon_15025_2,15025,ja,翠蔓の知者,羽毛のように軽やかな翠色の葉っぱ。森の知者の衣服から摘み取られたものである。
UI_RelicIcon_15025_3,15025,ja,月桂の宝冠,草木を支配する神より授かりし王冠。かつては迷宮の王の間で代々受け継がれていたが、最後は王の侍従の手に渡った。
UI_RelicIcon_15025_4,15025,ja,迷宮の遊客,森林王の冠から取れた、装飾用の金の花。
UI_RelicIcon_15025_5,15025,ja,賢知の定期,賢知の道を歩む者が使う時計。中に入っているのは生命無き砂ではなく、小さなカラシナの種だ。
UI_RelicIcon_15025_1,15025,ko,방황하는 자의 등잔,"원래는 사막 스타일의 등잔이었지만, 형광빛을 내는 초록색 잎사귀가 자랐다"
UI_RelicIcon_15025_2,15025,ko,푸른 덩굴의 현자,깃털처럼 휘날리는 녹색 잎사귀는 숲속 현자의 옷에서 얻은 것이다
UI_RelicIcon_15025_3,15025,ko,월계수 왕관,"초목의 주신이 하사한 관. 미궁의 왕 사이에서 대대로 전해졌고, 마지막에는 왕의 시종에게 계승되었다"
UI_RelicIcon_15025_4,15025,ko,미궁의 유객,숲의 왕의 보관에서 꺾은 금빛 꽃
UI_RelicIcon_15025_5,15025,ko,현명의 주기,현자의 길에 뛰어든 이가 사용하는 시계. 안에는 생명력이 없는 모래 대신 아주 작은 겨자씨가 들어있다
UI_RelicIcon_14004_1,14004,zh,少女片刻的闲暇,芭芭拉专用
UI_RelicIcon_14004_2,14004,zh,少女飘摇的思念,芭芭拉专用
UI_RelicIcon_14004_3,14004,zh,少女易逝的芳颜,芭芭拉专用
UI_RelicIcon_14004_4,14004,zh,远方的少女之心,芭芭拉专用
UI_RelicIcon_14004_5,14004,zh,少女苦短的良辰,芭芭拉专用
UI_RelicIcon_14004_1,14004,en,Maiden's Fleeting Leisure,""
UI_RelicIcon_14004_2,14004,en,Maiden's Heart-Stricken Infatuation,""
UI_RelicIcon_14004_3,14004,en,Maiden's Fading Beauty,""
UI_RelicIcon_14004_4,14004,en,Maiden's Distant Love,""
UI_RelicIcon_14004_5,14004,en,Maiden's Passing Youth,""
UI_RelicIcon_14004_1,14004,ja,少女の暫く息抜き,""
UI_RelicIcon_14004_2,14004,ja,少女の揺らぐ思い,""
UI_RelicIcon_14004_3,14004,ja,少女の儚き顔,""
UI_RelicIcon_14004_4,14004,ja,彼方にある少女の心,""
UI_RelicIcon_14004_5,14004,ja,少女の短い華年,""
UI_RelicIcon_14004_1,14004,ko,소녀의 짧은 여가,""
UI_RelicIcon_14004_2,14004,ko,소녀의 흔들리는 그리움,""
UI_RelicIcon_14004_3,14004,ko,소녀의 꺾여가는 미모,""
UI_RelicIcon_14004_4,14004,ko,먼 곳에 있는 소녀의 마음,""
UI_RelicIcon_14004_5,14004,ko,소녀의 짧은 행복,""
UI_RelicIcon_15004_1,15004,zh,北风之盏,与北风同行的骑士留下的空之杯，凛冬的霜之息依旧盈满其中。
UI_RelicIcon_15004_2,15004,zh,雪藏之羽,与北风同行的骑士于雪中拾获的鸟羽，如今依旧静候解冻之刻。
UI_RelicIcon_15004_3,15004,zh,冰河之冠,与北风同行的骑士所戴的冠冕，以凛冬的寒冰与白银打造而成。
UI_RelicIcon_15004_4,15004,zh,凛冬霜心,陷入静默的冰之花，凝固在摘下的一刻，是骑士不离身的纪念。
UI_RelicIcon_15004_5,15004,zh,凝冰成砂,与北风同行的骑士曾用的时计，内部是永不消去的雪砂与霜风。
UI_RelicIcon_15004_1,15004,en,Goblet of Aquilo,A goblet of eonothem left behind by the knight who walked with the North Wind. The chill of the bitter winter frost still lingers within.
UI_RelicIcon_15004_2,15004,en,Plume of Snow,A bird feather that was picked up by the knight who walked with the North Wind in the snow. It still awaits the day when it will thaw.
UI_RelicIcon_15004_3,15004,en,Crown of Glacier,The crown worn by the knight who walked with the North Wind. It was forged using winter ice and silver.
UI_RelicIcon_15004_4,15004,en,Heart of Frost,A flower that has been frozen in time from the moment it was picked. The knight kept it as a memento forever after.
UI_RelicIcon_15004_5,15004,en,Glacial Sand,A timepiece once used by the knight who walked with the North Wind. A never-ending snowstorm rages within.
UI_RelicIcon_15004_1,15004,ja,北風のコップ,北風と共に行く騎士が残した杯、中は冬の霜の気配に満ちている。
UI_RelicIcon_15004_2,15004,ja,雪の飾り羽,北風と共に行く騎士が雪の中で拾った鳥の羽根、今でも氷が解ける瞬間を静かに待っている。
UI_RelicIcon_15004_3,15004,ja,氷河の冠,北風と共に行く騎士が被っていた冠、冬の氷と白銀で出来たもの。
UI_RelicIcon_15004_4,15004,ja,氷霜の心,沈黙に陥った氷の花、摘まれた時に凝固され、騎士が肌身離さず持ち歩く記念品である。
UI_RelicIcon_15004_5,15004,ja,氷の砂,北風と共に行く騎士が使用していた時計、中には消えない雪砂と霜風が入っている。
UI_RelicIcon_15004_1,15004,ko,북풍의 잔,북풍과 동행했던 기사가 남긴 공간의 성배. 엄동의 서리의 기운이 잔을 가득 채우고 있다
UI_RelicIcon_15004_2,15004,ko,눈밭 속의 깃털,북풍과 동행하던 기사가 눈밭에서 주운 깃털. 아직까지도 녹을 날을 조용히 기다리고 있다
UI_RelicIcon_15004_3,15004,ko,빙하의 왕관,북풍과 동행하던 기사가 착용한 모자. 차가운 얼음과 은으로 만들어졌다
UI_RelicIcon_15004_4,15004,ko,혹한의 서리 심장,침묵에 빠진 얼음꽃. 꺾어질 때의 모습 그대로 얼어붙었다. 기사가 항상 달고 다니는 기념품이다
UI_RelicIcon_15004_5,15004,ko,얼음 모래,북풍과 동행하던 기사가 사용했던 시계. 안쪽에는 영원히 사라지지 않는 눈모래와 서릿바람이 들어있다
UI_RelicIcon_15029_1,15029,zh,勇者们的茶会,精致的茶杯。或许曾与他人共同度过悠闲的午后时光吧。
UI_RelicIcon_15029_2,15029,zh,坏巫师的羽杖,原本在礼帽上的装饰鸟羽。墨绿的颜色想必相当吸引眼球吧。
UI_RelicIcon_15029_3,15029,zh,恶龙的单片镜,精致的单片眼镜。依照古老的轶事传闻，透过它或许能瞥见未来的光景吧。
UI_RelicIcon_15029_4,15029,zh,旅途中的鲜花,故事一定会结束，鲜花也终究会凋落。但梦中描绘的花朵永远都会饱满而充满芬芳吧。
UI_RelicIcon_15029_5,15029,zh,水仙的时时刻刻,早已停止运转的怀表，似乎在徒劳的旋转中见证过许多的年月。
UI_RelicIcon_15029_1,15029,en,Heroes' Tea Party,A lovely teacup. Perhaps it was once used by people enjoying a leisurely afternoon together.
UI_RelicIcon_15029_2,15029,en,Wicked Mage's Plumule,"This was once a decorative feather in someone's hat. Being dark green, it is quite eye-catching indeed."
UI_RelicIcon_15029_3,15029,en,Fell Dragon's Monocle,An exquisitely-made monocle. Ancient anecdotes say that one might be able to see the future through it.
UI_RelicIcon_15029_4,15029,en,Odyssean Flower,"The story must end, and even fresh flowers will wither. But the flower within one's dreams will always remain in full and fragrant bloom."
UI_RelicIcon_15029_5,15029,en,Nymph's Constancy,A pocket watch that has long stopped working. It seems to have borne witness to many a passing year as its hands spun in vain.
UI_RelicIcon_15029_1,15029,ja,勇者たちのお茶会,精巧なティーカップ。誰かと一緒にのんびりとした午後のひと時を過ごしたのだろう。
UI_RelicIcon_15029_2,15029,ja,悪しき魔法使いの羽杖,ドレスハットに飾ってあった鳥の羽。濃い緑色は、さぞ目を惹くものだっただろう。
UI_RelicIcon_15029_3,15029,ja,悪龍の片眼鏡,精巧な片眼鏡。古い噂によると、これを使えば未来の光景が見えるらしい。
UI_RelicIcon_15029_4,15029,ja,旅中の花,物語はいつか必ず終わりを告げ、花もやがては散り衰える。しかし、夢で描いた花ならば、永遠に香り高く咲いてくれることだろう。
UI_RelicIcon_15029_5,15029,ja,水仙の一瞬一瞬,とうの昔に止まった懐中時計。虚しく回転しながら、長い歳月を眺めてきたらしい。
UI_RelicIcon_15029_1,15029,ko,용자들의 티타임,정교한 찻잔. 어쩌면 누군가와 함께 한가로운 오후를 즐겼을지도 모른다
UI_RelicIcon_15029_2,15029,ko,나쁜 마법사의 깃털 지팡이,모자 위에 달려있던 깃털 장식. 암녹색 빛깔은 분명 사람들의 눈길을 끌었을 것이다
UI_RelicIcon_15029_3,15029,ko,악룡의 단안경,정교한 단안경. 오래된 소문에 따르면 이 안경을 통해 미래의 순간을 엿볼 수 있다고 한다
UI_RelicIcon_15029_4,15029,ko,여정 중의 꽃,"이야기는 반드시 막을 내리고 꽃도 결국 지기 마련이지만, 꿈에서 그린 꽃은 영원히 향기로울 것이다"
UI_RelicIcon_15029_5,15029,ko,님프의 시시각각,아주 오래전에 멈춘 회중시계. 무의미한 회전 속에서 긴 세월을 목격한 것 같다
UI_RelicIcon_15002_1,15002,zh,翠绿猎人的容器,砂糖专用
UI_RelicIcon_15002_2,15002,zh,猎人青翠的箭羽,砂糖专用
UI_RelicIcon_15002_3,15002,zh,翠绿的猎人之冠,砂糖专用
UI_RelicIcon_15002_4,15002,zh,野花记忆的绿野,砂糖专用
UI_RelicIcon_15002_5,15002,zh,翠绿猎人的笃定,砂糖专用
UI_RelicIcon_15002_1,15002,en,Viridescent Venerer's Vessel,""
UI_RelicIcon_15002_2,15002,en,Viridescent Arrow Feather,""
UI_RelicIcon_15002_3,15002,en,Viridescent Venerer's Diadem,""
UI_RelicIcon_15002_4,15002,en,In Remembrance of Viridescent Fields,""
UI_RelicIcon_15002_5,15002,en,Viridescent Venerer's Determination,""
UI_RelicIcon_15002_1,15002,ja,緑の狩人の容器,""
UI_RelicIcon_15002_2,15002,ja,狩人の青緑色の矢羽,""
UI_RelicIcon_15002_3,15002,ja,緑の狩人の冠,""
UI_RelicIcon_15002_4,15002,ja,野花の記憶の草原,""
UI_RelicIcon_15002_5,15002,ja,緑の狩人の決心,""
UI_RelicIcon_15002_1,15002,ko,청록색 사냥꾼의 그릇,""
UI_RelicIcon_15002_2,15002,ko,사냥꾼의 푸른 화살깃,""
UI_RelicIcon_15002_3,15002,ko,청록색 사냥꾼의 모자,""
UI_RelicIcon_15002_4,15002,ko,야생화 기억 속의 푸른 들판,""
UI_RelicIcon_15002_5,15002,ko,청록색 사냥꾼의 확신,""
UI_RelicIcon_15026_1,15026,zh,如蜜的终宴,曾在古老盛大的宴会上使用的酒杯，褪去了往日华丽的颜色。
UI_RelicIcon_15026_2,15026,zh,裁断的翎羽,曾用来衡量罪人心脏重量的特制翎羽，如今失去了原本的功能。
UI_RelicIcon_15026_3,15026,zh,沙王的投影,旧日沙漠祭司的镶金头巾，其形制乃是为了效仿传说中的沙民之王。
UI_RelicIcon_15026_4,15026,zh,梦中的铁花,暗金打造的蓓蕾，再无机会开放的花瓣包裹着赤红的花芯。
UI_RelicIcon_15026_5,15026,zh,沉金的岁月,暗金光泽的古老日晷，似乎在诉说着沙漠的旧日。
UI_RelicIcon_15026_1,15026,en,Honeyed Final Feast,A wine cup that was once used at a grand and ancient feast. It has now lost much of that luster.
UI_RelicIcon_15026_2,15026,en,Feather of Judgment,"This special feather was once used to weigh the hearts of the guilty, but it has since lost its original function."
UI_RelicIcon_15026_3,15026,en,Shadow of the Sand King,This gold-inlaid headband was once used by desert priests in the days of old. They were made in imitation of one worn by a legendary ruler of the desert peoples.
UI_RelicIcon_15026_4,15026,en,Dreaming Steelbloom,A flower bud made of hammered dark gold. Its crimson core is wrapped by petals that shall never open.
UI_RelicIcon_15026_5,15026,en,The Sunken Years,This dark-golden sundial seems to tell the ancient tale of the desert.
UI_RelicIcon_15026_1,15026,ja,甘露の終宴,古代の盛大な宴会で使われた杯。かつての輝きは今や、跡形もない。
UI_RelicIcon_15026_2,15026,ja,裁断の羽根,かつて罪人の心臓の重さを量るために使われた特製の羽根。今はもう、元の機能を失っている。
UI_RelicIcon_15026_3,15026,ja,砂王の投影,その昔、砂漠の祭司が使っていた金メッキの頭巾。伝説の、砂の民の王が身に着けていた頭巾の形を模している。
UI_RelicIcon_15026_4,15026,ja,夢境の鉄花,色みの暗い金で仕上げられたつぼみ。決して開くことのない花びらは、深紅の芯を包んでいる。
UI_RelicIcon_15026_5,15026,ja,深金の歳月,濃い金の光沢を放つ、いにしえの日時計。かつての砂漠を物語っているかのようだ。
UI_RelicIcon_15026_1,15026,ko,달콤한 마지막 연회,오래전 성대한 연회에서 사용한 술잔. 과거의 고귀하고 화려한 색은 더 이상 찾아볼 수 없다
UI_RelicIcon_15026_2,15026,ko,심판의 날개,죄인의 심장 무게를 측정하기 위해 특수 제작된 날개. 지금은 본래의 기능을 잃었다
UI_RelicIcon_15026_3,15026,ko,모래왕의 그림자,고대 사막 제사장의 금테로 장식된 두건. 전설 속 사막민의 왕이 쓰던 두건의 형태를 모방했다
UI_RelicIcon_15026_4,15026,ko,꿈속에 피어난 철의 꽃,어두운 빛을 띄는 금으로 만든 꽃봉오리. 두 번 다시 열리지 않을 꽃잎 속에는 붉은색 꽃술이 숨어있다
UI_RelicIcon_15026_5,15026,ko,가라앉은 세월,어두운 금빛을 띠고 있는 오래된 해시계. 사막의 과거를 말해주는 듯하다
UI_RelicIcon_10008_1,10008,zh,赌徒的骰盅,是特制的、用于单一用途的容器，但其中并没有欺诈用的机关。
UI_RelicIcon_10008_2,10008,zh,赌徒的羽饰,大型鸟的尾羽，其中能藏得下能改天逆命的牌。
UI_RelicIcon_10008_3,10008,zh,赌徒的耳环,能让人冷静评估局势与风险，避免危机的翠蓝耳环。
UI_RelicIcon_10008_4,10008,zh,赌徒的胸花,华丽的大花朵，其中能藏得下自己事前准备好的骰子。
UI_RelicIcon_10008_5,10008,zh,赌徒的怀表,破碎的怀表，曾经为它的主人挡下了致命的攻击。
UI_RelicIcon_10008_1,10008,en,Gambler's Dice Cup,This vessel was specially made for a single purpose. It has absolutely no secret compartments built into it.
UI_RelicIcon_10008_2,10008,en,Gambler's Feather Accessory,The tail feather of a large bird. Perfect for discretely concealing a trump card.
UI_RelicIcon_10008_3,10008,en,Gambler's Earrings,"A pair of blue earrings that, when worn, calm the mind and encourage a rational assessment of risks."
UI_RelicIcon_10008_4,10008,en,Gambler's Brooch,"A big, luxurious flower that can hide loaded dice."
UI_RelicIcon_10008_5,10008,en,Gambler's Pocket Watch,A shattered pocket watch that once took a lethal hit for its owner.
UI_RelicIcon_10008_1,10008,ja,博徒のツボ,特製品。単一用途の容器だが、詐欺用のからくりはない。
UI_RelicIcon_10008_2,10008,ja,博徒の羽飾り,大型鳥の羽根、運命を変えられるカードを隠すことができる。
UI_RelicIcon_10008_3,10008,ja,博徒のピアス,この青のイヤリングをつけると冷静に状況とリスクを分析し、危機を避けられるようになる。
UI_RelicIcon_10008_4,10008,ja,博徒の花飾り,大きくて華麗な花。事前に用意したサイコロを隠すことができる。
UI_RelicIcon_10008_5,10008,ja,博徒の懐中時計,壊れた懐中時計、かつて致命的な攻撃から持ち主を救ったことがある。
UI_RelicIcon_10008_1,10008,ko,노름꾼의 주사위,용도가 하나뿐인 특제 용기. 하지만 내부에 아무런 사기 장치가 없다
UI_RelicIcon_10008_2,10008,ko,노름꾼의 깃털장식,큰 새의 꽁지깃털. 그 속에는 정해진 운명을 바꿀 수 있는 패를 숨길 수 있다
UI_RelicIcon_10008_3,10008,ko,노름꾼의 귀걸이,냉정하게 정세와 위험을 평가하고 위기를 모면하게 하는 청록색 귀걸이
UI_RelicIcon_10008_4,10008,ko,노름꾼의 브로치,화려한 꽃송이. 그 속에 자신이 미리 준비한 주사위를 숨길 수 있다
UI_RelicIcon_10008_5,10008,ko,노름꾼의 회중시계,파손된 회중시계. 예전에 주인을 위해 치명적인 공격을 막아냈다
UI_RelicIcon_15022_1,15022,zh,真珠之笼,海祇岛的巫女们所供奉的明珠，始终闪烁着点点光芒，从未黯淡。
UI_RelicIcon_15022_2,15022,zh,渊宫之羽,与珊瑚同色的柔弱彩羽，据说出自巫女的羽衣。
UI_RelicIcon_15022_3,15022,zh,海祇之冠,古老精致的冠冕，由被遗忘的「神人」所拥有。如今被海祇之民精心封存起来。
UI_RelicIcon_15022_4,15022,zh,海染之花,染上多变海色的轻柔之花，在月光下闪烁着奇妙的色彩。
UI_RelicIcon_15022_5,15022,zh,离别之贝,明净无垢的贝壳，来自深邃无底的大海。
UI_RelicIcon_15022_1,15022,en,Pearl Cage,The shining pearls that the shrine maidens of Watatsumi Island offer up shine eternally and never dim.
UI_RelicIcon_15022_2,15022,en,Deep Palace's Plume,"A down feather with the same hue as coral, said to come from a shrine maiden's ceremonial garment."
UI_RelicIcon_15022_3,15022,en,Crown of Watatsumi,"An ancient, intricate crown that was once used by a forgotten clergy member. Today, this relic has been enshrined with great ceremony by the people of Watatsumi."
UI_RelicIcon_15022_4,15022,en,Sea-Dyed Blossom,A soft flower that has taken on the many shades of the capricious ocean. It shines with wondrous colors under the moon's silver light.
UI_RelicIcon_15022_5,15022,en,Cowry of Parting,"A clean, flawless seashell that comes from the bottomless ocean."
UI_RelicIcon_15022_1,15022,ja,真珠の籠,海祇島の巫女たちが祀る真珠。常に微かな光を放っており、その光が弱まることはない。
UI_RelicIcon_15022_2,15022,ja,淵宮の羽,珊瑚と同じ色をした脆き彩羽。巫女の羽衣に使われていたらしい。
UI_RelicIcon_15022_3,15022,ja,海祇の冠,忘れ去られた「神人」が所有していた精巧な古の冠。今は海祇の人々によって大切に保管されている。
UI_RelicIcon_15022_4,15022,ja,海染の花,多様に変化する海の色を帯びた、しなやかな花。月明かりに照らされると、不思議な色彩を反射する。
UI_RelicIcon_15022_5,15022,ja,別れの貝,底なしの深き海に由来する、透き通った無垢の貝殻。
UI_RelicIcon_15022_1,15022,ko,진주의 요람,"와타츠미섬의 무녀들이 모시는 명주, 언제나 반짝이고 빛을 잃어본 적이 없다"
UI_RelicIcon_15022_2,15022,ko,연궁의 깃털,"산호와 같은 색을 띠고 있는 부드러운 깃털, 소문에 의하면 무녀의 날개옷에 사용된 깃털이라고 한다"
UI_RelicIcon_15022_3,15022,ko,와타츠미의 왕관,"정교하고 오래된 왕관, 잊혀진 「신」이 지녔던 물건이라고 한다. 현재는 와타츠미섬에 정성스레 보관되어 있다"
UI_RelicIcon_15022_4,15022,ko,바다에 물든 꽃,"변덕스러운 바다의 색으로 염색한 꽃, 달빛 아래에서 신비한 색을 띤다"
UI_RelicIcon_15022_5,15022,ko,이별의 조개,"맑고 깨끗한 조개껍데기, 깊고 끝없는 바다에서 왔다"
UI_RelicIcon_10004_1,10004,zh,奇迹之杯,民间流传的算命仪式使用的杯子，也可以装水。
UI_RelicIcon_10004_2,10004,zh,奇迹之羽,来自速度极快的猛禽，那奇迹般的一击肉眼几乎无法捕捉。
UI_RelicIcon_10004_3,10004,zh,奇迹耳坠,便宜的饰物，却是远古时代的陨星带来的奇特的金属制成。
UI_RelicIcon_10004_4,10004,zh,奇迹之花,岩石之中生长出来的花。能够裂穿坚硬的岩壁，是因为花追寻着光。
UI_RelicIcon_10004_5,10004,zh,奇迹之沙,看上去是寻常的沙漏，干涸的沙砾随着翻转运动像水一样流动。
UI_RelicIcon_10004_1,10004,en,Tiny Miracle's Goblet,"A cup commonly used for fortune-telling. It can also hold water, of course."
UI_RelicIcon_10004_2,10004,en,Tiny Miracle's Feather,A feather from a bird of prey that flies almost too fast for the human eye to detect.
UI_RelicIcon_10004_3,10004,en,Tiny Miracle's Earrings,A cheap accessory that is actually made from ancient meteoric ore.
UI_RelicIcon_10004_4,10004,en,Tiny Miracle's Flower,"A flower that grew from a rock, breaking through the stone as it strove to reach the light."
UI_RelicIcon_10004_5,10004,en,Tiny Miracle's Hourglass,"Just an ordinary, everyday hourglass. Turn it upside down and sure enough, the dry sand starts trickling down like water."
UI_RelicIcon_10004_1,10004,ja,奇跡のコップ,占いの時に使うコップだが、水を入れることも可能だ。
UI_RelicIcon_10004_2,10004,ja,奇跡の羽根,素早いスピードを持つ猛禽の羽根、あの奇跡のような一撃は肉眼では捕捉しきれないものである。
UI_RelicIcon_10004_3,10004,ja,奇跡のピアス,安いアクセサリーだが、遠古時代の隕石から取った不思議な金属でできたもの。
UI_RelicIcon_10004_4,10004,ja,奇跡の花,岩石の中に生えた花。光を求める花は、硬い岩壁でも引き裂く。
UI_RelicIcon_10004_5,10004,ja,奇跡の砂,普通の砂時計に見えるが、乾いた砂は水のように動く。
UI_RelicIcon_10004_1,10004,ko,기적의 잔,민간에서 점괘 의식에 사용된다고 전해지는 잔. 물을 담을 수도 있다
UI_RelicIcon_10004_2,10004,ko,기적의 깃털,속도가 매우 빠른 맹금류에서 얻은 깃털. 그 기적적인 일격은 육안으로는 거의 포착되지 않는다
UI_RelicIcon_10004_3,10004,ko,기적의 귀걸이,"값싼 장신구, 하지만 이 귀걸이는 먼 옛날의 별똥별이 가져온 기이한 금속으로 만들어졌다"
UI_RelicIcon_10004_4,10004,ko,기적의 꽃,바위에서 자라는 꽃. 이 연약한 꽃이 단단한 암벽을 뚫을 수 있었던 것은 빛을 좇았기 때문이다
UI_RelicIcon_10004_5,10004,ko,기적의 모래,흔한 모래시계로 보인다. 마른 모래는 물처럼 아래로 흐른다
UI_RelicIcon_15030_1,15030,zh,无边酣乐之筵,曾盛装琼浆蜜露的华丽酒杯，如今已空空如也。
UI_RelicIcon_15030_2,15030,zh,琦色灵彩之羽,精巧的羽状饰品，闪烁着绿叶与芳花的光泽。
UI_RelicIcon_15030_3,15030,zh,灵光明烁之心,精致多彩的耳饰，其上仿佛流露着百种花儿的光泽。
UI_RelicIcon_15030_4,15030,zh,灵光源起之蕊,久远的朝圣者曾佩戴的徽记，是一朵华丽的小花。
UI_RelicIcon_15030_5,15030,zh,久远花落之时,闪烁着灵光的古老时计，其中盛装着似有生命的纯净液体。
UI_RelicIcon_15030_1,15030,en,Feast of Boundless Joy,"An opulent wine goblet that was once filled with nectar and honeydew, but is empty today."
UI_RelicIcon_15030_2,15030,en,Vibrant Pinion,An exquisite feather-shaped decoration on which the vivid hues of verdant leaves and fragrant flowers shimmer.
UI_RelicIcon_15030_3,15030,en,Heart of Khvarena's Brilliance,Intricate and vibrant earrings upon which the luster of a hundred flowers seems to flow.
UI_RelicIcon_15030_4,15030,en,Stamen of Khvarena's Origin,An insignia in the shape of a lovely little flower that was once worn by pilgrims in times long bygone.
UI_RelicIcon_15030_5,15030,en,Ancient Abscission,An ancient timepiece upon which the light of Khvarena gleams. It is filled with a pure liquid that appears alive.
UI_RelicIcon_15030_1,15030,ja,喜楽無限の宴,美酒を入れていた華麗な盃。今はもう空っぽだ。
UI_RelicIcon_15030_2,15030,ja,霊彩奇麗の羽,繊細な作りをした、羽の装飾品。緑の葉っぱとかぐわしい花の光沢が輝いている。
UI_RelicIcon_15030_3,15030,ja,霊光明滅の心,繊細な作りをした、鮮やかな耳飾り。無数の花が輝きを放っているようだ。
UI_RelicIcon_15030_4,15030,ja,霊光起源の蕊,遥か昔の巡礼者がつけていた勲章。華麗な小花である。
UI_RelicIcon_15030_5,15030,ja,久遠落花の時,霊光の輝く古い時計。中に入っているのは命があるかのような清潔な液体。
UI_RelicIcon_15030_1,15030,ko,끝없는 향락의 연회,한때 달콤한 술을 담았던 술잔. 지금은 텅 비어있다
UI_RelicIcon_15030_2,15030,ko,영롱한 옥빛 깃털,정교한 깃털 모양 장식품. 꽃과 잎의 광택이 눈부시다
UI_RelicIcon_15030_3,15030,ko,크바레나의 눈부신 심장,다채롭고 정교한 귀고리. 무수히 많은 꽃들이 빛을 내는 것 같다
UI_RelicIcon_15030_4,15030,ko,크바레나 기원의 꽃술,먼 옛날 순례자가 찼던 휘장. 한 송이 화려한 꽃이다
UI_RelicIcon_15030_5,15030,ko,먼 옛날 꽃이 질 무렵,크바레나로 빛나는 고대의 시계. 그 안에는 살아 있는 것 같은 순결한 액체가 가득 담겨있다
UI_RelicIcon_15034_1,15034,zh,慷慨的墨水瓶,故事中的女巫所借助的墨水瓶，有着不逊于蘸水笔的神奇魔法。
UI_RelicIcon_15034_2,15034,zh,诚恳的蘸水笔,故事中的女巫所使用的蘸水笔，流畅顺滑在它所有的优点中最不值得一提。
UI_RelicIcon_15034_3,15034,zh,慈爱的淑女帽,故事中的女巫所爱用的淑女帽，沉稳又不失俏皮的设计令她格外中意。
UI_RelicIcon_15034_4,15034,zh,无私的妆饰花,故事中的女巫所佩戴的胸花，与她所喜爱的其他装饰一样，用蝴蝶的造型作为点缀。
UI_RelicIcon_15034_5,15034,zh,忠实的砂时计,故事中的女巫所仰仗的砂时计，据说对它念出错误的咒语，时间的流逝就会格外迅速。
UI_RelicIcon_15034_1,15034,en,Magnanimous Ink Bottle,An ink bottle utilized by the witch in the story. It possesses a strange enchantment no less powerful than the one cast upon the dip pen.
UI_RelicIcon_15034_2,15034,en,Honest Quill,"The witch in the tale used this dip pen. Among its various advantages, its silky-smooth writing is the least worthy of mention."
UI_RelicIcon_15034_3,15034,en,Compassionate Ladies' Hat,The lady's hat favored by the witch in the story. She loved this piece of headwear for how it weaves together solemnity and playfulness.
UI_RelicIcon_15034_4,15034,en,Selfless Floral Accessory,"A brooch that the witch in the tale wore. As with the other ornaments she loved, this was characterized by butterfly-like shapes."
UI_RelicIcon_15034_5,15034,en,Faithful Hourglass,"A sand timepiece that the witch relied on in the story. Legend has it that if you recite the wrong incantation over it, time will suddenly flow exceptionally quickly."
UI_RelicIcon_15034_1,15034,ja,寛容なインク壺,物語の中で魔法使いが使っていたインク壺。つけペンに引けを取らない不思議な魔法を有している。
UI_RelicIcon_15034_2,15034,ja,誠実なつけペン,物語の中で魔法使いが使っていたつけペン。その滑らかな書き心地は、数ある美点の中でも特筆すべき箇所としては取るに足りない部分である。
UI_RelicIcon_15034_3,15034,ja,慈愛の淑女ハット,物語の中で魔法使いが愛用していた淑女ハット。彼女は特に、落ち着いていながら遊び心のあるデザインに惹かれたようだ。
UI_RelicIcon_15034_4,15034,ja,無私の花飾り,物語の中で魔法使いがつけていた花飾り。彼女が愛する他の装飾品と同じように、蝶の形があしらわれている。
UI_RelicIcon_15034_5,15034,ja,忠実な砂時計,物語の中で魔法使いが頼りにしていた砂時計。それに対して間違った呪文を唱えると、時間の流れが急に速くなるらしい。
UI_RelicIcon_15034_1,15034,ko,아낌없는 잉크병,이야기 속 마녀가 빌린 잉크병. 펜에 못지않은 신기한 마법을 지녔다
UI_RelicIcon_15034_2,15034,ko,성실한 잉크펜,이야기 속 마녀가 사용하는 펜. 부드러운 사용감은 이 펜이 가진 모든 장점 중 가장 소소한 것이다
UI_RelicIcon_15034_3,15034,ko,자애로운 숙녀모,이야기 속 마녀가 좋아하는 숙녀모. 마녀는 차분하면서도 장난스러운 이 모자를 좋아한다
UI_RelicIcon_15034_4,15034,ko,이타적인 꽃 장식,이야기 속 마녀가 착용한 브로치. 마녀가 좋아하는 다른 장식품처럼 나비 형태로 장식되어 있다
UI_RelicIcon_15034_5,15034,ko,충실한 모래시계,이야기 속 마녀가 의지하는 모래시계. 만약 모래시계에 잘못된 주문을 외우면 시간의 흐름이 빨라진다고 한다
UI_RelicIcon_10005_1,10005,zh,战狂的骨杯,用不知名的巨大兽类的骨头制成的杯。是某次厮杀后得到的猎获。
UI_RelicIcon_10005_2,10005,zh,战狂的翎羽,原本传说中报丧之鸟的黯蓝尾羽，一部分被染成了红色。
UI_RelicIcon_10005_3,10005,zh,战狂的鬼面,在不顾生死的厮杀中一半破碎的骇人铁面具。
UI_RelicIcon_10005_4,10005,zh,战狂的蔷薇,被染红的精致花朵，与狂战士的气质微妙地相符。
UI_RelicIcon_10005_5,10005,zh,战狂的时计,永远无情流动着的器物。提醒着狂战士自己在战场上的时限，和在人世间的时限。
UI_RelicIcon_10005_1,10005,en,Berserker's Bone Goblet,A goblet made from the bone of an unknown beast. It was taken as a trophy after some deadly encounter.
UI_RelicIcon_10005_2,10005,en,Berserker's Indigo Feather,"An indigo feather from a legendary raven, part of which has been dyed crimson red."
UI_RelicIcon_10005_3,10005,en,Berserker's Battle Mask,A hideous iron mask that has been left half-shattered from vicious battles.
UI_RelicIcon_10005_4,10005,en,Berserker's Rose,An exquisite flower that has been dyed red. It represents the qualities of the Berserker.
UI_RelicIcon_10005_5,10005,en,Berserker's Timepiece,"An instrument with an eternal flow that continues mercilessly within, reminding the Berserker of the limited time he has left — both on the battlefield as well as in the world."
UI_RelicIcon_10005_1,10005,ja,狂戦士のコップ,ある種の巨大獣の骨でできたコップ。ある死闘の後の獲物。
UI_RelicIcon_10005_2,10005,ja,狂戦士の羽根,伝説の死を告げる鳥の勝色の尾羽、今は一部が赤く染まっている。
UI_RelicIcon_10005_3,10005,ja,狂戦士の仮面,生死を問わない激戦で、半分に割れた怖気の鉄仮面。
UI_RelicIcon_10005_4,10005,ja,狂戦士の薔薇,赤く染まった綺麗な花、狂戦士の気質と微妙に釣り合う。
UI_RelicIcon_10005_5,10005,ja,狂戦士の時計,永遠に無情に流れ続ける砂時計。狂戦士に戦場にいられる時間と余命の時間を教える。
UI_RelicIcon_10005_1,10005,ko,전투광의 해골잔,이름 모를 거대한 짐승의 뼈로 만든 컵이다. 사냥으로 얻은 전리품이다
UI_RelicIcon_10005_2,10005,ko,전투광의 깃털,전설 속의 초상을 알리던 새의 검푸른 꽁지 깃털이다. 일부분이 붉은색으로 변해버렸다
UI_RelicIcon_10005_3,10005,ko,전투광의 귀면,생사를 가리지 않는 싸움에서 반쯤 부서진 흉측한 강철 가면
UI_RelicIcon_10005_4,10005,ko,전투광의 장미,핏빛의 정교한 꽃송이는 광전사의 기질과 미묘하게 어울린다
UI_RelicIcon_10005_5,10005,ko,전투광의 시계,"영원히 무정하게 흐르는 기물(器物). 광전사에게 전쟁터, 그리고 인간 세상에서의 시간이 얼마 남지 않았음을 일깨워준다"
UI_RelicIcon_15033_1,15033,zh,昔时应许之梦,仿照传说中「纯水之杯」的形制打造而成的华美器皿，据说能够实现最为纯净之人的心愿。
UI_RelicIcon_15033_2,15033,zh,昔时浮想之思,白银与苍水晶制成的蝶状羽饰，据说在遥远的过去象征着永不分离的誓言。
UI_RelicIcon_15033_3,15033,zh,昔时传奏之诗,曾一度在枫丹的歌剧创作者之间流行的礼帽，据说羽饰的设计参考了传说中纯水骑士的盔缨。
UI_RelicIcon_15033_4,15033,zh,昔时遗落之誓,由海纹石与苍银打造而成的不凋花朵，据说至今依然被视为反抗者的象征。
UI_RelicIcon_15033_5,15033,zh,昔时回映之音,造型奇异的沙漏，由青金石与水玉打造，据说设计灵感来自佩特莉可镇的钟塔。
UI_RelicIcon_15033_1,15033,en,Promised Dream of Days Past,"An opulent vessel made based on the form of the legendary ""Pure Grail."" It is said to be able to fulfill the wishes of the purest of people."
UI_RelicIcon_15033_2,15033,en,Recollection of Days Past,"A butterfly-shaped feather accessory made from silver and azure crystals. It is said to, in the distant past, have symbolized an oath to never be parted."
UI_RelicIcon_15033_3,15033,en,Poetry of Days Past,A formal hat that was once in vogue amongst creators of opera in Fontaine. Word has it that its feathered adornment was based on the legendary helms of the Lochknights.
UI_RelicIcon_15033_4,15033,en,Forgotten Oath of Days Past,An ever-blooming flower shaped from larimar and shimmering silver. They say that this is still viewed as a symbol of resistance.
UI_RelicIcon_15033_5,15033,en,Echoing Sound From Days Past,An oddly shaped hourglass made from lazurite and aqua jade. It was reportedly inspired by the bell tower in Petrichor.
UI_RelicIcon_15033_1,15033,ja,在りし日の約束の夢,伝説の「純水の杯」を模して作られた華美な容器。最も純粋な人の願いを叶えるらしい。
UI_RelicIcon_15033_2,15033,ja,在りし日の空想の念,白銀と青い水晶で作られた、蝶の形をした羽飾り。遥か昔の永遠の誓いを象徴しているらしい。
UI_RelicIcon_15033_3,15033,ja,在りし日の伝奏の詩,かつてフォンテーヌの歌劇創作者の間で流行っていた礼帽。羽飾りのデザインは、伝説の純水騎士の兜のひもを参考にしたらしい。
UI_RelicIcon_15033_4,15033,ja,在りし日の遺失の契,海紋石と蒼銀で作られた枯れない花。今でも抵抗者の象徴とされているらしい。
UI_RelicIcon_15033_5,15033,ja,在りし日の余韻の音,青金石と水玉で作られた、変わった形をした砂時計。設計のアイデアはペトリコール町の時計台に由来しているらしい。
UI_RelicIcon_15033_1,15033,ko,지난날 약속했던 꿈,전설 속 「순수한 물의 잔」의 형태를 모방해 만든 화려한 잔. 가장 순수한 사람의 소망을 이뤄줄 수 있다고 한다
UI_RelicIcon_15033_2,15033,ko,지난날 떠오른 생각,백은과 푸른 수정으로 만든 나비 모양의 깃털 장식. 먼 옛날 영원히 헤어지지 않겠다는 맹세를 상징했다고 한다
UI_RelicIcon_15033_3,15033,ko,지난날 읊던 시,한때 폰타인의 오페라 창작자들 사이에서 유행했던 모자. 깃털 장식 디자인은 전설 속 물의 기사의 투구 장식끈을 참고했다고 한다
UI_RelicIcon_15033_4,15033,ko,지난날 사라진 맹세,라리마와 푸른 은으로 만든 시들지 않는 꽃. 지금도 여전히 저항하는 자의 상징으로 여겨진다
UI_RelicIcon_15033_5,15033,ko,지난날 에돌던 소리,청금석과 물수정으로 만든 기이한 모양의 모래시계. 페트리코 마을의 종탑에서 영감을 받아 만들었다고 한다
UI_RelicIcon_10011_1,10011,zh,幸运儿之杯,精致的金属器皿，曾经被用来打趴了夜盗。
UI_RelicIcon_10011_2,10011,zh,幸运儿鹰羽,挡在面前的魔物却被捕食的鹰隼盯上，偶尔能带来这种程度运气的翎羽。
UI_RelicIcon_10011_3,10011,zh,幸运儿银冠,原本坠入落穴，却是被驱逐的旧宗族藏宝的地窖。是那次经历的纪念品。
UI_RelicIcon_10011_4,10011,zh,幸运儿绿花,无忧无虑地生长在原野里的四叶绿花，被采是因为能带来幸运之说。
UI_RelicIcon_10011_5,10011,zh,幸运儿沙漏,因为破洞而空空如也的沙漏。时光流逝对无忧无虑的人没有意义。
UI_RelicIcon_10011_1,10011,en,Lucky Dog's Goblet,An exquisite metallic vessel that was once used to knock out a thief.
UI_RelicIcon_10011_2,10011,en,Lucky Dog's Eagle Feather,"A monster once cornered an adventurer, but was then picked off by a hunting eagle... That eagle dropped this feather, which now carries some of the adventurer's good luck."
UI_RelicIcon_10011_3,10011,en,Lucky Dog's Silver Circlet,Its former owner once fell into a cave and found the treasure trove of an exiled royal. This is a souvenir from that incident.
UI_RelicIcon_10011_4,10011,en,Lucky Dog's Clover,A four-leaf clover that grows in the wild. It was picked because it is said to bring good luck.
UI_RelicIcon_10011_5,10011,en,Lucky Dog's Hourglass,"A broken hourglass from which all the sand has escaped. But it's fine, because the passage of time means nothing to someone without a single worry in the whole world."
UI_RelicIcon_10011_1,10011,ja,幸運のコップ,繊細な作りをした金属容器、泥棒退治に使われたこともあるとか。
UI_RelicIcon_10011_2,10011,ja,幸運の鷹の羽根,襲ってくる魔物は鷹の捕食対象になった…そういう幸運をもたらす羽根である。
UI_RelicIcon_10011_3,10011,ja,幸運の冠,穴に落ちたと思ったら、貴族の宝庫を発見した。これはまさにその記念品である。
UI_RelicIcon_10011_4,10011,ja,幸運のクローバー,気ままに成長した四つ葉のクローバーは幸運の象徴である。
UI_RelicIcon_10011_5,10011,ja,幸運の砂時計,穴が開いて中身が空っぽになった砂時計。時間の流れは気ままに生きる人にとって何の意味もない。
UI_RelicIcon_10011_1,10011,ko,행운아의 잔,정교한 금속 그릇. 밤에 찾아오는 도둑을 때려눕히는 데 사용되기도 했다
UI_RelicIcon_10011_2,10011,ko,행운아의 독수리깃,앞을 가로막는 마물이 오히려 사냥감을 찾는 매의 눈에 포착되는 정도의 운을 가져다주는 깃털
UI_RelicIcon_10011_3,10011,ko,행운아의 은관,우연히 떨어진 구멍이 추방된 옛 종족의 보물이 숨겨진 땅굴이었다. 그때에 얻은 기념품이다
UI_RelicIcon_10011_4,10011,ko,행운아의 네 잎 클로버,들판에서 걱정 없이 자라는 네 잎 클로버. 꺾인 건 행운이 가져다 온다는 설이 있기 때문이다
UI_RelicIcon_10011_5,10011,ko,행운아의 모래시계,구멍이 뚫려 텅 빈 모래시계. 흐르는 시간은 아무런 걱정이 없는 사람에게 의미가 없다
UI_RelicIcon_10001_1,10001,zh,异国之盏,朴素的白瓷酒杯，曾经盈满了欢愉的酒水。
UI_RelicIcon_10001_2,10001,zh,归乡之羽,蓝色的箭羽，其上凝结着旅人消逝远去的眷恋。
UI_RelicIcon_10001_3,10001,zh,感别之冠,散发着春风气息的柳冠。
UI_RelicIcon_10001_4,10001,zh,故人之心,玉蓝色的小花，花茎上扎着谁人的丝带。
UI_RelicIcon_10001_5,10001,zh,逐光之石,饱经沧桑的时晷，永远在静默地记录着日月循环。
UI_RelicIcon_10001_1,10001,en,Goblet of the Sojourner,A plain porcelain goblet that was once brimming with joyous brews.
UI_RelicIcon_10001_2,10001,en,Feather of Homecoming,A blue arrow fletching imbued with the sentiment of travelers that had once faded into the horizon.
UI_RelicIcon_10001_3,10001,en,Crown of Parting,A reed coronet that emanates the spring breeze.
UI_RelicIcon_10001_4,10001,en,Heart of Comradeship,A small cerulean flower with somebody's ribbon pinned to the stem.
UI_RelicIcon_10001_5,10001,en,Sundial of the Sojourner,"A sundial that has survived the ages, always silently recording the cycles of the sun and moon as they pass through the sky."
UI_RelicIcon_10001_1,10001,ja,異国の杯,素朴な白い磁器の酒盃、かつては歓喜のお酒に満ちていた。
UI_RelicIcon_10001_2,10001,ja,帰郷の羽,青い矢羽、その中に旅人の消えていった眷恋が宿っている。
UI_RelicIcon_10001_3,10001,ja,別離の冠,春の気配が漂う柳の冠。
UI_RelicIcon_10001_4,10001,ja,故人の心,藍色の小花、花茎に誰かのリボンがついている。
UI_RelicIcon_10001_5,10001,ja,逐光の石,世の移り変わりを経験してきた日時計、永遠に静かに時の循環を記録している。
UI_RelicIcon_10001_1,10001,ko,이국의 술잔,한때 이 소박한 백자 술잔엔 기쁨의 술이 가득 차 있었다
UI_RelicIcon_10001_2,10001,ko,귀향의 깃털,푸른색 화살 깃 위에 나그네의 저 멀리 떠나가는 미련이 서려 있다
UI_RelicIcon_10001_3,10001,ko,이별의 모자,봄바람의 기운을 발산하는 버드나무 왕관
UI_RelicIcon_10001_4,10001,ko,옛 벗의 마음,푸른빛의 작은 꽃. 꽃줄기에 오래된 누군가의 리본이 묶여있다
UI_RelicIcon_10001_5,10001,ko,빛을 좇는 돌,산전수전 다 겪은 돌시계는 언제나 고요 속에서 일월순환을 기록한다
UI_RelicIcon_10002_1,10002,zh,勇士的壮行,木制的粗糙容器，其中空洞洞地盛满了回忆。
UI_RelicIcon_10002_2,10002,zh,勇士的期许,明亮的鸣禽翎羽。能带来小小的勇气。
UI_RelicIcon_10002_3,10002,zh,勇士的冠冕,粗略编成的草环。对一些人而言，就像王者的金冠一样贵重吧。
UI_RelicIcon_10002_4,10002,zh,勇士的勋章,别在胸前的朴实小花，是一次冒险后得到的纪念品。
UI_RelicIcon_10002_5,10002,zh,勇士的坚毅,老旧的微型沙漏，不具有实用性。与岁月一样不可捉摸。
UI_RelicIcon_10002_1,10002,en,Outset of the Brave,A crude wooden vessel filled only with memories.
UI_RelicIcon_10002_2,10002,en,Prospect of the Brave,A shimmering feather from a songbird that brings a nudge of courage to its wearer.
UI_RelicIcon_10002_3,10002,en,Crown of the Brave,A rough-and-ready laurel wreath that seems as precious as a king's golden crown.
UI_RelicIcon_10002_4,10002,en,Medal of the Brave,A simple flower brooch that is a keepsake from someone's first adventure.
UI_RelicIcon_10002_5,10002,en,Fortitude of the Brave,A dated miniature hourglass that serves no practical purpose. It seems as elusive as time itself.
UI_RelicIcon_10002_1,10002,ja,勇士の壮行,雑な木製の容器、中には思い出がたくさんある。
UI_RelicIcon_10002_2,10002,ja,勇士の期待,明るいスズメの羽根。小さな勇気をもたらしてくれる。
UI_RelicIcon_10002_3,10002,ja,勇士の冠,粗雑に編まれた草の冠。一部の人にとって、この冠は金の冠ように貴重だろう。
UI_RelicIcon_10002_4,10002,ja,勇士の勲章,胸元につける素朴な小花、冒険の後に入手した記念品である。
UI_RelicIcon_10002_5,10002,ja,勇士の毅然,古くて小さな砂時計、実用性がない。時の流れのように不思議である。
UI_RelicIcon_10002_1,10002,ko,용사의 환송,나무로 만들어진 텅 빈 거친 용기에 추억이 가득 담겨 있다
UI_RelicIcon_10002_2,10002,ko,용사의 기대,밝은 명금의 깃털.작은 용기를 가져다준다
UI_RelicIcon_10002_3,10002,ko,용사의 모자,대충 엮은 풀고리.일부 사람들에게는 왕의 금관처럼 소중하다
UI_RelicIcon_10002_4,10002,ko,용사의 훈장,"가슴에 달려있는 소박한 꽃, 한 번의 모험 끝에 얻은 기념품이다"
UI_RelicIcon_10002_5,10002,ko,용사의 강인함,이 실용성이 없는 낡은 소형 모래시계는 세월과 같이 종잡을 수 없다
UI_RelicIcon_15037_1,15037,zh,游学者的爪杯,造型酷似龙爪的奇异酒杯，制作者想必有其特殊的考虑吧。
UI_RelicIcon_15037_2,15037,zh,巡山客的信标,巡山客用来标记道路的信标，像是鸟羽的形状竖立在路边相当显眼。
UI_RelicIcon_15037_3,15037,zh,魔战士的羽面,如同鹰隼一般的羽面，围绕着它曾有过许许多多的传说。
UI_RelicIcon_15037_4,15037,zh,驯兽师的护符,用燧石与龙晶镌刻而成的花，意味着佩戴者已获得成为驯兽师的资格。
UI_RelicIcon_15037_5,15037,zh,秘术家的金盘,太阳形状的金盘，上面装饰的龙纹似乎象征着生与死的循环。
UI_RelicIcon_15037_1,15037,en,Wandering Scholar's Claw Cup,A strange goblet strikingly similar in shape to a dragon's claw. Its maker must have made it with something special in mind.
UI_RelicIcon_15037_2,15037,en,Mountain Ranger's Marker,A signal used by mountain rangers to mark out paths. Their bird-feather shapes make them very eye-catching indeed.
UI_RelicIcon_15037_3,15037,en,Demon-Warrior's Feather Mask,A feather mask with falcon-esque plumage. Many legends surround this object.
UI_RelicIcon_15037_4,15037,en,Beast Tamer's Talisman,"A flower carved from flint and Drakite, signifying that its bearer is qualified to become a beast tamer."
UI_RelicIcon_15037_5,15037,en,Mystic's Gold Dial,A golden disc shaped like a sun. The draconic patterns on it seem to symbolize the cycle of life and death.
UI_RelicIcon_15037_1,15037,ja,遊学者の爪型杯,竜の爪のような形をした奇妙な盃。製造者にはきっと特別な意図があったのだろう。
UI_RelicIcon_15037_2,15037,ja,登山者の標,登山者が道を示すために使う標。鳥の羽根のような形をしており、道端に立っていると、ひときわ目立つ。
UI_RelicIcon_15037_3,15037,ja,呪戦士の羽面,羽を使って作られた、鷹に似た面。多くの伝説が残されている。
UI_RelicIcon_15037_4,15037,ja,獣使いの護符,火打ち石と竜晶を彫って作られた花。これを身に付ける者は、獣使いとしての資格を得たとされる。
UI_RelicIcon_15037_5,15037,ja,秘術家の金皿,太陽の形をした金の皿。龍の模様は、まるで生と死の循環を象徴しているようだ。
UI_RelicIcon_15037_1,15037,ko,떠돌이 학자의 용 술잔,용발바닥처럼 생긴 독특한 술잔. 제작자는 특별한 이유로 이렇게 만든 것 같다
UI_RelicIcon_15037_2,15037,ko,산 순찰자의 표지,산 순찰자가 길을 표시하는 데 쓰는 표지. 세로로 꽂힌 깃털 같아서 눈에 잘 띈다
UI_RelicIcon_15037_3,15037,ko,마전사의 깃털 가면,매처럼 생긴 깃털 가면. 무수한 전설을 담고 있다
UI_RelicIcon_15037_4,15037,ko,훈련사의 부적,부싯돌과 흑요석으로 만든 꽃. 착용자가 훈련사의 자격을 얻었다는 것을 의미한다
UI_RelicIcon_15037_5,15037,ko,비술사의 금 원반,태양 모양의 황금 원반. 위에 새겨진 용 문양은 삶과 죽음의 순환을 상징하는 것 같다
UI_RelicIcon_10006_1,10006,zh,武人的酒杯,稍微有些精致的酒杯，是仅在武人上场前使用的仪式器具。
UI_RelicIcon_10006_2,10006,zh,武人的羽饰,随处可见的鸟类落毛，高手用来练习力道，新手则用来制成扇子。
UI_RelicIcon_10006_3,10006,zh,武人的头巾,入门第一件事，精气神。绑上头巾，随时提醒自己勿忘这三字。
UI_RelicIcon_10006_4,10006,zh,武人的红花,唯独此种红花能让武人暂时忘却痛苦。
UI_RelicIcon_10006_5,10006,zh,武人的水漏,进行耐力锻炼时计时的小道具，比沙漏的流转更加稳定。
UI_RelicIcon_10006_1,10006,en,Martial Artist's Wine Cup,A rather exquisite wine cup used in pre-combat rituals.
UI_RelicIcon_10006_2,10006,en,Martial Artist's Feather Accessory,"A common bird feather. Experts use it to practice strength control, while rookies use it to make fans."
UI_RelicIcon_10006_3,10006,en,Martial Artist's Bandana,"The first lesson as an apprentice: Vigor, Strength, Will. These words are written on the bandana so you'll never forget them."
UI_RelicIcon_10006_4,10006,en,Martial Artist's Red Flower,This particular kind of red flower was the only thing that could alleviate the Martial Artist's pain.
UI_RelicIcon_10006_5,10006,en,Martial Artist's Water Hourglass,A tool to keep track of time in endurance training. It is more accurate and reliable than a regular hourglass.
UI_RelicIcon_10006_1,10006,ja,武人の酒器,繊細な作りをした金属の杯、武人が出陣する前に使う儀式の道具でしかない。
UI_RelicIcon_10006_2,10006,ja,武人の羽飾り,どこにもある鳥の羽根、熟練者はそれを鍛錬に使い、初心者はそれを扇子の素材に使う。
UI_RelicIcon_10006_3,10006,ja,武人のバンダナ,武人としての基本は精·気·神。バンダナをつけて、この三文字を忘れないようにする。
UI_RelicIcon_10006_4,10006,ja,武人の赤い花,武芸を習う者は花を好まないが、この痛みを麻痺させる赤い花だけは別だ。
UI_RelicIcon_10006_5,10006,ja,武人の水時計,忍耐力を鍛える時、時間を計るために使う小道具。砂時計より安定している。
UI_RelicIcon_10006_1,10006,ko,무인의 술잔,이 정교해 보이는 술잔은 무인이 등장하기 전에만 사용되는 의식 도구이다
UI_RelicIcon_10006_2,10006,ko,무인의 깃털장식,"도처에서 볼 수 있는 땅에 떨어진 새의 깃털, 고수들은 힘 조절 연습을 하는데 사용하고, 신참들은 부채를 만드는데 사용한다"
UI_RelicIcon_10006_3,10006,ko,무인의 두건,"입문 후 첫 번째로 해야 할 일은 두건을 묶어 수시로 자신에게 ""정.기.신."" 이 세 글자를 일깨우는 것이다"
UI_RelicIcon_10006_4,10006,ko,무인의 붉은 꽃,이런 붉은 꽃만이 무인에게 잠시나마 고통을 잊게 해준다
UI_RelicIcon_10006_5,10006,ko,무인의 물시계,"지구력 훈련할 때 사용하는 소도구, 모래시계의 흐름보다 안정적이다"
UI_RelicIcon_15006_1,15006,zh,魔女的心之火,烟绯专用
UI_RelicIcon_15006_2,15006,zh,魔女常燃之羽,烟绯专用
UI_RelicIcon_15006_3,15006,zh,焦灼的魔女帽,烟绯专用
UI_RelicIcon_15006_4,15006,zh,魔女的炎之花,烟绯专用
UI_RelicIcon_15006_5,15006,zh,魔女破灭之时,烟绯专用
UI_RelicIcon_15006_1,15006,en,Witch's Heart Flames,""
UI_RelicIcon_15006_2,15006,en,Witch's Ever-Burning Plume,""
UI_RelicIcon_15006_3,15006,en,Witch's Scorching Hat,""
UI_RelicIcon_15006_4,15006,en,Witch's Flower of Blaze,""
UI_RelicIcon_15006_5,15006,en,Witch's End Time,""
UI_RelicIcon_15006_1,15006,ja,魔女の心の炎,""
UI_RelicIcon_15006_2,15006,ja,魔女の炎の羽根,""
UI_RelicIcon_15006_3,15006,ja,焦げた魔女の帽子,""
UI_RelicIcon_15006_4,15006,ja,魔女の炎の花,""
UI_RelicIcon_15006_5,15006,ja,魔女の破滅の時,""
UI_RelicIcon_15006_1,15006,ko,마녀 마음속의 불꽃,""
UI_RelicIcon_15006_2,15006,ko,마녀의 불타는 깃털,""
UI_RelicIcon_15006_3,15006,ko,불타오르는 마녀 모자,""
UI_RelicIcon_15006_4,15006,ko,마녀의 염화 꽃,""
UI_RelicIcon_15006_5,15006,ko,마녀의 파멸의 시간,""
UI_RelicIcon_15021_1,15021,zh,梦醒之瓢,待定
UI_RelicIcon_15021_2,15021,zh,华馆之羽,待定
UI_RelicIcon_15021_3,15021,zh,形骸之笠,待定
UI_RelicIcon_15021_4,15021,zh,荣花之期,待定
UI_RelicIcon_15021_5,15021,zh,众生之谣,待定
UI_RelicIcon_15021_1,15021,en,Calabash of Awakening,""
UI_RelicIcon_15021_2,15021,en,Plume of Luxury,""
UI_RelicIcon_15021_3,15021,en,Skeletal Hat,""
UI_RelicIcon_15021_4,15021,en,Bloom Times,""
UI_RelicIcon_15021_5,15021,en,Song of Life,""
UI_RelicIcon_15021_1,15021,ja,夢醒の瓢箪,""
UI_RelicIcon_15021_2,15021,ja,華館の羽,""
UI_RelicIcon_15021_3,15021,ja,形骸の笠,""
UI_RelicIcon_15021_4,15021,ja,栄花の期,""
UI_RelicIcon_15021_5,15021,ja,衆生の歌,""
UI_RelicIcon_15021_1,15021,ko,꿈에서 깬 조롱박,""
UI_RelicIcon_15021_2,15021,ko,화관(華館)의 깃털,""
UI_RelicIcon_15021_3,15021,ko,형해의 삿갓,""
UI_RelicIcon_15021_4,15021,ko,영광의 꽃의 시간,""
UI_RelicIcon_15021_5,15021,ko,중생의 노래,""
UI_RelicIcon_15010_3,15010,zh,祭水礼冠,在古老的时代，司祭祀之人佩戴的礼冠。因为常年浸没在水中，具有奇妙的抗性。
UI_RelicIcon_15010_3,15010,en,Tiara of Torrents,"A tiara worn by those tasked with offering sacrifices in ancient times. Because it was submerged in water year in and year out, it possesses remarkable resistance."
UI_RelicIcon_15010_3,15010,ja,水祭りの冠,大昔の時代の司祭が使用していた冠。長年水に浸かっていたため、不思議な耐性を持っている。
UI_RelicIcon_15010_3,15010,ko,제수의 관,옛날 옛적에 사제를 지낸 사람이 쓰던 예관(禮冠). 오랫동안 물속에 잠겨있어 기묘한 내성이 생겼다
UI_RelicIcon_15039_1,15039,zh,未吹响的号角,过去曾用来召集守誓之人的号角，如今早已失去其作用。
UI_RelicIcon_15039_2,15039,zh,夜鸣莺的尾羽,用夜莺的羽毛精心制成的帽饰，据说其形制由最初的铸灯者所定下。
UI_RelicIcon_15039_3,15039,zh,被浸染的缨盔,古老而沉重的头盔，是标识了北方古老战士家系的传承之物。
UI_RelicIcon_15039_4,15039,zh,执灯人的誓词,执灯士所佩戴的铁花，象征着此人曾发下永世守望的重誓。
UI_RelicIcon_15039_5,15039,zh,不死者的哀铃,漫步黑渊的战士所携带的铜铃，在无光的夜里常常能听到它的哀鸣。
UI_RelicIcon_15039_1,15039,en,A Horn Unwinded,A horn that was once used to summon those who had sworn oaths. It has long since lost its purpose.
UI_RelicIcon_15039_2,15039,en,Nightingale's Tail Feather,A hat ornament intricately crafted from the feathers of a nightingale. They say that its form was first conceived by the original Torchforger.
UI_RelicIcon_15039_3,15039,en,Dyed Tassel,An ancient heavy helmet. It is an heirloom that bears the mark of a venerable lineage of northern warriors.
UI_RelicIcon_15039_4,15039,en,Lightkeeper's Pledge,A metal flower that was worn by the Ratniki. It symbolizes the oath of eternal vigilance taken by its original owner.
UI_RelicIcon_15039_5,15039,en,Undying One's Mourning Bell,A bronze bell that was carried by a warrior who walked through the dark abyss. Its peal can be heard on pitch-black nights.
UI_RelicIcon_15039_1,15039,ja,未だ鳴らざる笛,かつて、誓約を交わした者を召集するための角笛。今はもう使われていない。
UI_RelicIcon_15039_2,15039,ja,夜鳴鶯の尾羽,夜鳴鶯の羽根を使って作られた帽子の飾り。その形は最初のライトブリンガーが決めたものらしい。
UI_RelicIcon_15039_3,15039,ja,染められし羽兜,古くて重い兜。北の古い戦士一族に受け継がれる象徴物である。
UI_RelicIcon_15039_4,15039,ja,ライトキーパーの誓い,ライトキーパーが身につけていた鉄の花。永遠に見守るという誓いを示している。
UI_RelicIcon_15039_5,15039,ja,不死者の弔鐘,黒淵を歩く戦士が携帯する銅の鈴。光のない夜に、その悲鳴がよく耳に届く。
UI_RelicIcon_15039_1,15039,ko,울리지 않는 나팔,과거 맹세를 지키는 자를 소집하는 데 사용되었던 나팔. 지금은 그 기능을 잃었다
UI_RelicIcon_15039_2,15039,ko,밤꾀꼬리의 꽁지깃,밤꾀꼬리의 깃털로 정교하게 만들어진 모자 장식. 모양은 최초의 등 제작자가 정했다고 한다
UI_RelicIcon_15039_3,15039,ko,피로 물든 투구,무겁고 오래된 투구. 고대 북방 전사 가문을 상징하는 계승물이다
UI_RelicIcon_15039_4,15039,ko,등지기의 맹세,등지기가 착용하던 철제 꽃. 영원히 지키겠다는 등지기의 맹세를 상징한다
UI_RelicIcon_15039_5,15039,ko,죽지 않는 자의 종소리,심연을 거니는 전사가 휴대한 구리 방울. 빛이 없는 밤에 종종 이것의 울음소리가 들린다
UI_RelicIcon_15017_1,15017,zh,盟誓金爵,迪奥娜专用
UI_RelicIcon_15017_2,15017,zh,昭武翎羽,迪奥娜专用
UI_RelicIcon_15017_3,15017,zh,将帅兜鍪,迪奥娜专用
UI_RelicIcon_15017_4,15017,zh,勋绩之花,迪奥娜专用
UI_RelicIcon_15017_5,15017,zh,金铜时晷,迪奥娜专用
UI_RelicIcon_15017_1,15017,en,Noble's Pledging Vessel,""
UI_RelicIcon_15017_2,15017,en,Ceremonial War-Plume,""
UI_RelicIcon_15017_3,15017,en,General's Ancient Helm,""
UI_RelicIcon_15017_4,15017,en,Flower of Accolades,""
UI_RelicIcon_15017_5,15017,en,Orichalceous Time-Dial,""
UI_RelicIcon_15017_1,15017,ja,誓いの金杯,""
UI_RelicIcon_15017_2,15017,ja,昭武の羽根,""
UI_RelicIcon_15017_3,15017,ja,将帥の兜,""
UI_RelicIcon_15017_4,15017,ja,偉勲の花,""
UI_RelicIcon_15017_5,15017,ja,金銅の日時計,""
UI_RelicIcon_15017_1,15017,ko,맹세의 금잔,""
UI_RelicIcon_15017_2,15017,ko,소무의 깃털,""
UI_RelicIcon_15017_3,15017,ko,장수의 투구,""
UI_RelicIcon_15017_4,15017,ko,공로의 꽃,""
UI_RelicIcon_15017_5,15017,ko,금동의 해시계,""
UI_RelicIcon_10003_1,10003,zh,守护之皿,金属的容器。可以用来装某种能排遣漫长守望带来的孤独的液体。
UI_RelicIcon_10003_2,10003,zh,守护徽印,象征着某人「渴望成为坚盾」的羽形别针。
UI_RelicIcon_10003_3,10003,zh,守护束带,被夜色染得靛青的织物。能在紧急时充当绷带。
UI_RelicIcon_10003_4,10003,zh,守护之花,守护者珍视的鸢尾花。并没有机会送给倾心的人。
UI_RelicIcon_10003_5,10003,zh,守护座钟,展示当前时间的小道具，在没有月亮的黑夜里是唯一的时间参照。
UI_RelicIcon_10003_1,10003,en,Guardian's Vessel,A metal vessel that can be filled with a drink to dispel the loneliness of the long watch.
UI_RelicIcon_10003_2,10003,en,Guardian's Sigil,A feather-shaped brooch that symbolizes someone's yearning to defend others like a shield.
UI_RelicIcon_10003_3,10003,en,Guardian's Band,A fabric band dyed indigo by the darkness of night. Can also double as a bandage in the event of an emergency.
UI_RelicIcon_10003_4,10003,en,Guardian's Flower,"An iris that was cherished by the guardian. Unfortunately, the chance never came for it to be given to whom the guardian loved."
UI_RelicIcon_10003_5,10003,en,Guardian's Clock,"A small timekeeping gadget. On moonless nights, it was the only way its former owner could know the time."
UI_RelicIcon_10003_1,10003,ja,守護の瓶,金属の容器。長い夜の孤独を解消してくれるある液体が入れられる。
UI_RelicIcon_10003_2,10003,ja,守護の印,ある人の「堅い盾になりたい」という意志を象徴する羽根型の安全ピン。
UI_RelicIcon_10003_3,10003,ja,守護の帯,夜色に染まった藍色の織物。緊急時に包帯として使える。
UI_RelicIcon_10003_4,10003,ja,守護の花,守護者が大事にしていた菖蒲。しかし愛しい人に贈る日を迎えられなかった。
UI_RelicIcon_10003_5,10003,ja,守護の置き時計,時間を示す道具。月のない暗い夜に唯一時間を教えてくれるもの。
UI_RelicIcon_10003_1,10003,ko,수호의 잔,금속의 용기. 기나긴 감시가 가져다주는 고독함을 달래줄 수 있는 액체를 담을 수 있다
UI_RelicIcon_10003_2,10003,ko,수호의 인장,누군가의 「든든한 방패가 되고자 하는 열망」을 상징하는 깃털 모양의 핀이다
UI_RelicIcon_10003_3,10003,ko,수호의 띠,검은색에 물든 짙은 남색의 직물. 긴급할 때 붕대로 사용할 수 있다
UI_RelicIcon_10003_4,10003,ko,수호의 꽃,수호자가 소중히 여기는 아이리스. 사모하는 사람에게 줄 기회를 찾지 못하고 아직도 간직하고 있다
UI_RelicIcon_10003_5,10003,ko,수호의 탁상시계,현재 시간을 보여주는 소도구. 달이 없는 어두운 밤에 유일하게 시간을 알려준다
UI_RelicIcon_15020_1,15020,zh,绯花之壶,安柏专用
UI_RelicIcon_15020_2,15020,zh,切落之羽,安柏专用
UI_RelicIcon_15020_3,15020,zh,华饰之兜,安柏专用
UI_RelicIcon_15020_4,15020,zh,明威之镡,安柏专用
UI_RelicIcon_15020_5,15020,zh,雷云之笼,安柏专用
UI_RelicIcon_15020_1,15020,en,Scarlet Vessel,""
UI_RelicIcon_15020_2,15020,en,Sundered Feather,""
UI_RelicIcon_15020_3,15020,en,Ornate Kabuto,""
UI_RelicIcon_15020_4,15020,en,Magnificent Tsuba,""
UI_RelicIcon_15020_5,15020,en,Storm Cage,""
UI_RelicIcon_15020_1,15020,ja,緋花の壺,""
UI_RelicIcon_15020_2,15020,ja,切落の羽,""
UI_RelicIcon_15020_3,15020,ja,華飾の兜,""
UI_RelicIcon_15020_4,15020,ja,威厳の鍔,""
UI_RelicIcon_15020_5,15020,ja,雷雲の印籠,""
UI_RelicIcon_15020_1,15020,ko,진홍의 주전자,""
UI_RelicIcon_15020_2,15020,ko,떨어진 깃털,""
UI_RelicIcon_15020_3,15020,ko,화려한 투구,""
UI_RelicIcon_15020_4,15020,ko,위엄의 날밑,""
UI_RelicIcon_15020_5,15020,ko,뇌운의 함,""
UI_RelicIcon_15027_1,15027,zh,迷醉长梦的守护,一尊古老的金杯，形制奇妙华丽，空空如也的腹内回响着呢喃之声。
UI_RelicIcon_15027_2,15027,zh,黄金邦国的结末,晶莹剔透的人造之羽，古老人类邦国的遗物之一，飞鹰的啸鸣似乎也被封存其中。
UI_RelicIcon_15027_3,15027,zh,流沙贵嗣的遗宝,琥珀金打造的耳饰，其上镶嵌着宝石，闪烁着奇妙的光芒。
UI_RelicIcon_15027_4,15027,zh,众王之都的开端,闪烁着奇异光彩的人造之花，侧耳倾听，似有巧笑之声隐隐传来。
UI_RelicIcon_15027_5,15027,zh,失落迷途的机芯,一台古老的机芯，镇灵的碎片在其中央熠熠生光，隐隐振动，似乎在诉说着什么…
UI_RelicIcon_15027_1,15027,en,Defender of the Enchanting Dream,An ancient golden cup that is both marvelously and luxuriously wrought. Murmurings can be heard within its empty innards.
UI_RelicIcon_15027_2,15027,en,End of the Golden Realm,A crystal-clear artificial feather that is one of the legacies of an ancient human realm. The cries of soaring eagles are also sealed within.
UI_RelicIcon_15027_3,15027,en,Legacy of the Desert High-Born,Earrings made from amber gold that shines with a strange light.
UI_RelicIcon_15027_4,15027,en,The First Days of the City of Kings,"An artificial flower that shimmers with a strange light. If you incline your ear to it, you can vaguely hear charming laughter issuing from within."
UI_RelicIcon_15027_5,15027,en,Timepiece of the Lost Path,"An ancient mechanical clock. The Jinni fragments continue to emit light at its center and vibrate ever so slightly, as if to say something..."
UI_RelicIcon_15027_1,15027,ja,迷酔の長夢の守護,古代の金の盃。その形は奇妙でありながら華やかなもの。空っぽのその中には、囁くような声が響いている。
UI_RelicIcon_15027_2,15027,ja,黄金の邦国の結末,透き通った人造の羽。古代の人間の邦国における遺物の一つである。鷹の鳴き声もその中に封じられているようだ。
UI_RelicIcon_15027_3,15027,ja,流砂の嗣君の遺宝,琥珀金で作られた耳飾り。不思議な輝きを放つ宝石が嵌め込まれている。
UI_RelicIcon_15027_4,15027,ja,諸王の都の始まり,奇妙な輝きを放つ人造の花。耳をすますと、巧笑がかすかに聞こえてくるようだ。
UI_RelicIcon_15027_5,15027,ja,没落迷途のコア,古代のコア。その中央にはジンニーの欠片が輝き、微かに振動している。それはまるで何かを語っているようだ…
UI_RelicIcon_15027_1,15027,ko,기나긴 꿈의 수호,오래된 황금 잔. 화려하지만 기묘한 형태를 띠고 있다. 텅 비어있는 안쪽에서 속삭이는 듯한 소리가 들려 온다
UI_RelicIcon_15027_2,15027,ko,황금빛 국가의 결말,"수정처럼 투명하게 빛나는 인공 깃털. 고대인의 유산 중 하나로, 매의 울음소리가 이 안에 봉인되어 있다"
UI_RelicIcon_15027_3,15027,ko,사막 왕족의 유산,호박금으로 만든 보석이 박힌 귀걸이. 묘한 빛으로 반짝이고 있다
UI_RelicIcon_15027_4,15027,ko,왕의 도시의 탄생,독특한 빛을 발하는 인공 꽃. 귀를 기울이면 웃음소리가 은은하게 들려오는 것 같다
UI_RelicIcon_15027_5,15027,ko,길을 잃어버린 시계,"아주 오래된 시계. 지니의 파편이 그 중심에서 빛을 발하며, 마치 무슨 말을 하려는 것처럼 조금씩 진동하고 있다"
UI_RelicIcon_15038_1,15038,zh,纷争的前宴,似乎是将石块随意扭曲敲打做成的容器，不知何人拥有这样的臂力。
UI_RelicIcon_15038_2,15038,zh,灵髓的根脉,模仿古龙之翼打造的羽饰，或许曾是某段已被遗忘的历史的见证。
UI_RelicIcon_15038_3,15038,zh,诸圣的礼冠,用黑曜石制作的宝冠，在古时曾用于部族中高贵王酋的加冕仪式。
UI_RelicIcon_15038_4,15038,zh,异种的期许,用黑色晶石精心雕琢而成的花朵，在夜间似乎会散发出神秘的幽光。
UI_RelicIcon_15038_5,15038,zh,夜域的迷思,既非时计亦非罗盘的神秘仪表，如今世上已无人知晓其用途。
UI_RelicIcon_15038_1,15038,en,Pre-Banquet of the Contenders,A vessel that seems to have been made by twisting and forming stone in a seemingly whimsical fashion. But it is an open question as to who possesses such strength...
UI_RelicIcon_15038_2,15038,en,Root of the Spirit-Marrow,A feathered accessory made in imitation of an ancient dragon's wing. Perhaps it was once a memento of some forgotten history.
UI_RelicIcon_15038_3,15038,en,Crown of the Saints,A crown made of obsidian that in ancient times was used in coronation ceremonies by noble tribal kings.
UI_RelicIcon_15038_4,15038,en,Reckoning of the Xenogenic,A flower meticulously carved from black crystal. It emits a mysterious light at night.
UI_RelicIcon_15038_5,15038,en,Myths of the Night Realm,"A mysterious ritual element that is neither a timepiece nor a compass. Nowadays, no one has any idea what it is used for."
UI_RelicIcon_15038_1,15038,ja,紛争の前夜,石を気まぐれにねじって叩いて作ったかのような容器。そのような腕力の持ち主とは、一体何者なのだろうか…
UI_RelicIcon_15038_2,15038,ja,霊髄の根源,古龍の翼を模して作られた羽飾り。忘れ去られた歴史の証であるかもしれない。
UI_RelicIcon_15038_3,15038,ja,諸聖の栄冠,黒曜石の宝冠。その昔、高貴なる部族の長の戴冠式に使われていた。
UI_RelicIcon_15038_4,15038,ja,異種の期待,黒い晶石でできた精巧な花。夜になると神秘的な光を放つという。
UI_RelicIcon_15038_5,15038,ja,夜域の神話,時計でも羅針盤でもない、謎の道具。今やその用途を知る者はいない。
UI_RelicIcon_15038_1,15038,ko,분쟁 전의 연회,돌을 아무렇게나 구기고 두드려서 만든 잔. 완력이 얼마나 강한 사람이 만들었는지 궁금하다
UI_RelicIcon_15038_2,15038,ko,영혼의 뿌리,고대 용의 날개를 모방해서 만든 깃털 장식. 어느 잊힌 역사의 증거일지도 모른다
UI_RelicIcon_15038_3,15038,ko,성자의 왕관,흑요석으로 만든 왕관. 고귀한 고대 부족의 왕이 대관식을 치를 때 사용됐다고 한다
UI_RelicIcon_15038_4,15038,ko,이종의 기대,검은 결정으로 조각된 꽃. 밤에 신비하고 그윽한 빛을 내뿜는다
UI_RelicIcon_15038_5,15038,ko,밤 영역의 신화,시계도 아니고 나침반도 아닌 신비한 장치. 오늘날 이것의 용도를 아는 사람은 없다
UI_RelicIcon_15014_1,15014,zh,巉岩琢塑之樽,华丽而不失庄重的酒樽，千年前曾满盛玉露。
UI_RelicIcon_15014_2,15014,zh,嵯峨群峰之翼,来自矶岩巨鸢的刚羽，玄石的羽尖有时会凝结有清冷的露珠。
UI_RelicIcon_15014_3,15014,zh,不动玄石之相,凝光专用
UI_RelicIcon_15014_4,15014,zh,磐陀裂生之花,凝光专用
UI_RelicIcon_15014_5,15014,zh,星罗圭璧之晷,凝光专用
UI_RelicIcon_15014_1,15014,en,Goblet of Chiseled Crag,"A resplendent yet dignified wine goblet, once filled to the brim in an era long gone."
UI_RelicIcon_15014_2,15014,en,Feather of Jagged Peaks,A hard feather from a large seacliff hawk. The basalt tip of the feather sometimes glistens with a cool dew.
UI_RelicIcon_15014_3,15014,en,Mask of Solitude Basalt,""
UI_RelicIcon_15014_4,15014,en,Flower of Creviced Cliff,""
UI_RelicIcon_15014_5,15014,en,Sundial of Enduring Jade,""
UI_RelicIcon_15014_1,15014,ja,危岩磐石の杯,華麗さと荘厳さを併せ持つ杯、千年前は美酒に満ちていた。
UI_RelicIcon_15014_2,15014,ja,嵯峨連山の翼,磯岩巨鳶の硬い羽根、玄石の羽先が露を凍らすことがたまにある。
UI_RelicIcon_15014_3,15014,ja,不動玄石の相,""
UI_RelicIcon_15014_4,15014,ja,盤石芽生の花,""
UI_RelicIcon_15014_5,15014,ja,星羅圭玉の日時計,""
UI_RelicIcon_15014_1,15014,ko,위암 반석의 술잔,화려하면서도 정중한 술잔. 천 년 전에 옥로가 가득 담겨 있었다
UI_RelicIcon_15014_2,15014,ko,험한 산봉우리의 날개,갯바위 거대한 솔개의 단단한 깃털. 검은 깃털 끝에 차가운 이슬이 맺히기도 한다
UI_RelicIcon_15014_3,15014,ko,부동현석의 상,""
UI_RelicIcon_15014_4,15014,ko,바위 틈에서 자라난 꽃,""
UI_RelicIcon_15014_5,15014,ko,성라규벽의 시계,""
UI_RelicIcon_15032_1,15032,zh,黄金之夜的喧嚣,形制古老的银瓮，曾经满盛着红宝石般的美酒，如今其中却是苦涩的海水。
UI_RelicIcon_15032_2,15032,zh,黄金飞鸟的落羽,黄金与白银掐丝打造的鸟羽，其上一颗蓝宝石晶莹剔透。
UI_RelicIcon_15032_3,15032,zh,黄金剧团的奖赏,形制古老的王冠，相比起君主的头饰，不如说更像是舞台道具。
UI_RelicIcon_15032_4,15032,zh,黄金乐曲的变奏,由砗磲、贝母和金箔精心制成的花朵，正骄傲地盛放着。
UI_RelicIcon_15032_5,15032,zh,黄金时代的先声,黄金与白银镶嵌而成的美妙日晷，似乎晷盘之上时间早已停止了流动。
UI_RelicIcon_15032_1,15032,en,Golden Night's Bustle,"An ancient silver urn that was once filled with fine wine as red as rubies. Now, it contains nothing but bitter seawater."
UI_RelicIcon_15032_2,15032,en,Golden Bird's Shedding,A gold feather made using silver and gold filigree. A crystal-clear sapphire is mounted atop it.
UI_RelicIcon_15032_3,15032,en,Golden Troupe's Reward,An ancient crown that resembles a stage prop more than it does some suzerain's headgear.
UI_RelicIcon_15032_4,15032,en,Golden Song's Variation,"A flower constructed out of clam, mother-of-pearl, and gold leaf. It blooms proudly."
UI_RelicIcon_15032_5,15032,en,Golden Era's Prelude,This lovely sundial is inlaid with silver and gold. It seems that time has stopped flowing atop its dial plate.
UI_RelicIcon_15032_1,15032,ja,黄金の夜の喧騒,古い形をした銀瓶。かつてはルビーのような美酒で満たされていたが、今では苦い海水となっている。
UI_RelicIcon_15032_2,15032,ja,黄金の飛鳥の落羽,黄金と白銀の糸で作られた鳥の羽根。上にあるサファイアは透き通っている。
UI_RelicIcon_15032_3,15032,ja,黄金の劇団の褒賞,古い形をした冠。君主からの冠り物というより、舞台の道具に似ている。
UI_RelicIcon_15032_4,15032,ja,黄金の旋律の変奏,硨磲、真珠の母貝、金箔で精巧に作られた花。誇らしげに咲いている。
UI_RelicIcon_15032_5,15032,ja,黄金の時代の前兆,黄金と白銀を嵌め込んだ美しい日時計。時計盤の時間はとっくに止まっているようだ。
UI_RelicIcon_15032_1,15032,ko,황금 밤의 소란,"고대의 은 항아리. 한때 붉은 보석과도 같은 술이 가득했지만, 지금은 쓴 바닷물만 담겨있다"
UI_RelicIcon_15032_2,15032,ko,황금 새의 깃털,황금과 은으로 만든 깃털. 그 위에 맑은 푸른빛의 보석이 하나 박혀있다
UI_RelicIcon_15032_3,15032,ko,황금 극단의 보상,고대 왕관. 군주의 왕관보다는 무대 소품에 더 가까워 보인다
UI_RelicIcon_15032_4,15032,ko,황금 음악의 변주,대왕 조개와 패모 그리고 금박으로 정교하게 만들어진 꽃. 자랑스러운 듯이 활짝 피어있다
UI_RelicIcon_15032_5,15032,ko,황금 시대의 서곡,황금과 은으로 장식된 해시계. 하지만 시계 위의 시간은 진작에 멈춘 것 같다
UI_RelicIcon_15013_3,15013,zh,祭冰礼冠,在古老的时代，司祭祀之人佩戴的礼冠。因为过去饱尝霜寒，具有奇妙的抗性。
UI_RelicIcon_15013_3,15013,en,Tiara of Frost,"A tiara worn by those tasked with offering sacrifices in ancient times. Because it once weathered years of the icy cold, it possesses remarkable resistance."
UI_RelicIcon_15013_3,15013,ja,氷祭りの冠,大昔の時代の司祭が使用していた冠。過去に寒さを味わっていたため、不思議な耐性を持っている。
UI_RelicIcon_15013_3,15013,ko,제빙의 관,옛날 옛적에 사제를 지낸 사람이 쓰던 예관(禮冠). 과거에 추위를 견디면서 기묘한 내성이 생겼다
UI_RelicIcon_10013_1,10013,zh,游医的药壶,原本装满了提炼后极浓的药汁，如今只剩下浓烈的药味。
UI_RelicIcon_10013_2,10013,zh,游医的枭羽,枭的坚硬羽毛，夜间行医时用夜行猛禽的意象鼓舞自己。
UI_RelicIcon_10013_3,10013,zh,游医的方巾,平时能在行医时绑住乱发，紧急情况下也能用来托起扭伤、折断的手臂。
UI_RelicIcon_10013_4,10013,zh,游医的银莲,是珍贵的药材，但存放了这么久已经失去了药用价值。
UI_RelicIcon_10013_5,10013,zh,游医的怀钟,用来精确计时的道具。对医者而言，即使是一秒的时间也不能浪费。
UI_RelicIcon_10013_1,10013,en,Traveling Doctor's Medicine Pot,"This pot used to carry concentrated and extremely potent concoctions. It is now empty, but still gives off a strong smell of medicine."
UI_RelicIcon_10013_2,10013,en,Traveling Doctor's Owl Feather,"The durable feather of an owl. Emblematic of nocturnal supremacy, it gave some encouragement to the Traveling Doctor when venturing out to visit patients late at night."
UI_RelicIcon_10013_3,10013,en,Traveling Doctor's Handkerchief,Used to tie back the doctor's hair when treating patients. Can also be used as a sling for sprains and broken arms in emergencies.
UI_RelicIcon_10013_4,10013,en,Traveling Doctor's Silver Lotus,A precious medicinal ingredient that has lost all medicinal value after years in storage.
UI_RelicIcon_10013_5,10013,en,Traveling Doctor's Pocket Watch,"A precise instrument used for keeping time. For a doctor, every second counts."
UI_RelicIcon_10013_1,10013,ja,医者の薬壺,精錬後の薬でいっぱいだった壺も、今は濃い薬のにおいしか残っていない。
UI_RelicIcon_10013_2,10013,ja,医者の梟の羽根,夜行性猛禽の硬い羽根。夜に仕事する時はそれを見て自分を励ます。
UI_RelicIcon_10013_3,10013,ja,医者の方巾,普段は乱れた髪を束ねる。緊急時は捻挫、骨折した腕の固定にも使える。
UI_RelicIcon_10013_4,10013,ja,医者のアネモネ,貴重な薬材だったが、長い間放置されて薬としての価値を失った。
UI_RelicIcon_10013_5,10013,ja,医者の懐中時計,時間を測るための道具。医者は、1秒でも無駄にしたくない。
UI_RelicIcon_10013_1,10013,ko,떠돌이 의사의 약주전자,"원래는 정제된 약으로 가득 차 있었는데, 지금은 강한 약 냄새만 남아있다"
UI_RelicIcon_10013_2,10013,ko,떠돌이 의사의 올빼미깃,올빼미의 단단한 깃털. 야간 진료하러 갈 때 야행성 맹금을 떠올리며 자신을 격려한다
UI_RelicIcon_10013_3,10013,ko,떠돌이 의사의 두건,"평소에는 진료할 때 헝클어진 머리를 묶을 수 있고, 유사시에는 접질리고 부러진 팔을 받치는 데 사용할 수도 있다"
UI_RelicIcon_10013_4,10013,ko,떠돌이 의사의 은련,진귀한 약재. 하지만 시간이 너무 오래 지나 약용 가치가 사라졌다
UI_RelicIcon_10013_5,10013,ko,떠돌이 의사의 회중시계,정확한 시간을 재기 위한 도구. 의사한테는 1초도 소중하다
UI_RelicIcon_15036_1,15036,zh,筹谋的共樽,陶制的三足杯，曾有诸多英雄在篝火边举杯酣饮，谈论各自的野心与期冀。
UI_RelicIcon_15036_2,15036,zh,褪光的翠尾,已褪去华光的尾翎装饰，其上的纹路据说出自久远之前的巧匠之手。
UI_RelicIcon_15036_3,15036,zh,失冕的宝冠,由松石与翠羽装饰的黄金宝冠，但空居绒垫之上，从未出现在冕礼之中。
UI_RelicIcon_15036_4,15036,zh,暗结的明花,由灰石雕刻并巧贴金箔的花，传说在一场战争中，曾作为敌我双方区别的凭证。
UI_RelicIcon_15036_5,15036,zh,举业的识刻,古老国度计时的历晷，在某一刻度上，留有仔细观察才可看到的细小印记。
UI_RelicIcon_15036_1,15036,en,The Wine-Flask Over Which the Plan Was Hatched,"A three-legged cup. Once, many heroes were gathered around the bonfire, raising their cups high in toast and drinking their fill while discussing their wishes and ambitions."
UI_RelicIcon_15036_2,15036,en,Faded Emerald Tail,A tail feather ornament whose luster has long faded. The patterns on it are said to have been etched by the hand of a skilled artisan from long ago.
UI_RelicIcon_15036_3,15036,en,Crownless Crown,"A golden crown decorated with turquoise and emerald feathers, it has never been used in a coronation, living alone atop a velvet cushion."
UI_RelicIcon_15036_4,15036,en,Dark Fruit of Bright Flowers,"A flower carved from grey stone covered with gold foil. Legends say that during a war, it was used to differentiate friend from foe."
UI_RelicIcon_15036_5,15036,en,Moment of Attainment,A sundial used by an ancient kingdom to tell time. Tiny marks have been left at a certain scale that can only be seen through careful observation.
UI_RelicIcon_15036_1,15036,ja,計略の盃,陶器の三足杯。かつては多くの英雄が篝火のそばで杯を掲げ、各々の野望と願いを語った。
UI_RelicIcon_15036_2,15036,ja,光褪せた翠尾,輝きの褪せた尾羽の飾り。表面の模様は遥か昔の職人が手掛けたものらしい。
UI_RelicIcon_15036_3,15036,ja,主なき冠,ターコイズとエメラルドで飾られた黄金の宝冠。ベルベットのクッションの上に置かれるのみで、戴冠式に登場したことは一度もない。
UI_RelicIcon_15036_4,15036,ja,陰に咲く光の花,灰色の石に彫刻され、巧みに金箔を貼られた花。ある戦争では、敵味方の区別の証として使われていたという。
UI_RelicIcon_15036_5,15036,ja,大業を成す刻,古の国が時間を測るために使った日時計。目盛りの一つには、細かく観察しないと見えない小さな印が残されている。
UI_RelicIcon_15036_1,15036,ko,공모의 술잔,도자기 재질의 세 발 술잔. 과거 수많은 영웅들이 모닥불 옆에서 이 술잔을 기울이며 각자의 야망과 희망을 이야기했다
UI_RelicIcon_15036_2,15036,ko,빛바랜 푸른 꽁지,화려한 빛을 잃어버린 꽁지깃 장식. 장식 위의 무늬는 먼 옛날 장인의 손에서 탄생했다고 한다
UI_RelicIcon_15036_3,15036,ko,주인 잃은 왕관,"터키석과 옥빛 깃털로 장식된 황금 왕관. 하지만 지금까지 오로지 벨벳 쿠션 위에만 놓여있었을 뿐, 대관식에 등장한 적은 없다"
UI_RelicIcon_15036_4,15036,ko,어둠 속의 밝은 꽃,회색빛 돌로 조각하고 금박을 붙여 만든 꽃. 과거에 전쟁에서 적과 아군을 구별하는 증거로 사용되었다고 전해진다
UI_RelicIcon_15036_5,15036,ko,대업의 시간,고대 왕국에서 시간을 확인하기 위해 사용했던 해시계. 눈금에는 세심하게 관찰해야만 확인할 수 있는 작은 표시가 남겨져 있다
UI_RelicIcon_14002_1,14002,zh,平雷之器,平雷勇士的酒盏，据说平息了雷之魔兽的英雄曾用这尊酒盏满盛紫电为饮。
UI_RelicIcon_14002_2,14002,zh,平雷之羽,在传说中，挺身平息了雷电的勇武英雄的徽章，是翱翔于狂雷的猛禽之羽。
UI_RelicIcon_14002_3,14002,zh,平雷之冠,平雷勇士的冠冕，是古老的英雄击败了危害大地的雷之魔兽而获得的华冠。
UI_RelicIcon_14002_4,14002,zh,平雷之心,仅于雷霆之怒中傲然盛放的花朵，至今仍能赐予行走在雷雨中的游人勇气。
UI_RelicIcon_14002_5,14002,zh,平雷之刻,镇服雷电的勇士持有的时计，其中的雷之碎晶随流逝如雷如电的时间泻落。
UI_RelicIcon_14002_1,14002,en,Thundersoother's Goblet,"The wine goblet from which the Thundersoother, who defeated the Beast of Thunder, once drank violet lightning."
UI_RelicIcon_14002_2,14002,en,Thundersoother's Plume,The feather of a predatory bird that soars through lightning storms. It was said to have been adopted as an insignia by the legendary hero who pacified thunder and lightning.
UI_RelicIcon_14002_3,14002,en,Thundersoother's Diadem,The crown given to the Thundersoother for defeating the Beast of Thunder that had been wreaking havoc upon the land.
UI_RelicIcon_14002_4,14002,en,Thundersoother's Heart,"A flower that blooms even amidst ferocious thunder and lightning. To this day, it still grants courage to travelers in thunderstorms."
UI_RelicIcon_14002_5,14002,en,Hour of Soothing Thunder,A timepiece kept by the hero who conquered thunder and lightning. The tiny shards of Electro crystal within flow back and forth with the passing of time.
UI_RelicIcon_14002_1,14002,ja,雷討ちの器,雷討ちの勇士の盃。雷の魔獣を退治した英雄がこの盃を使って紫電を飲んだらしい。
UI_RelicIcon_14002_2,14002,ja,雷討ちの羽根,伝説によると、雷電を退治した英雄が使用していたバッジ、狂雷の中を飛ぶ猛禽の羽根でできたらしい。
UI_RelicIcon_14002_3,14002,ja,雷討ちの冠,雷討ちの勇士の冠、古き英雄が大地に害をなす雷の魔獣を倒して獲得した冠である。
UI_RelicIcon_14002_4,14002,ja,雷討ちの心,雷霆の中に咲き誇る花、今でも雷雨の中を行く人々に勇気を与える。
UI_RelicIcon_14002_5,14002,ja,雷討ちの刻,雷電を退治した勇士が使用していた時計、中の雷の結晶は雷電のように過ぎていく時間と共に落ちていく。
UI_RelicIcon_14002_1,14002,ko,뇌전 정복자의 술잔,뇌전 정복자의 술잔. 뇌전의 마수를 정복한 영웅이 이 잔에 자줏빛 번개를 가득 채워 마셨다고 전해진다
UI_RelicIcon_14002_2,14002,ko,뇌전 정복자의 깃털,번개를 제압한 영웅의 배지. 광뢰가 몰아치는 하늘을 활공하는 맹금의 깃털이다
UI_RelicIcon_14002_3,14002,ko,뇌전 정복자의 관,뇌전 정복자의 관면. 고대의 영웅이 지상을 위협하는 뇌전의 마수를 처치하고 얻은 관면이다
UI_RelicIcon_14002_4,14002,ko,뇌전 정복자의 마음,천둥번개가 내려치는 날에만 활짝 피는 꽃. 오늘날에도 소나기를 헤쳐나가는 여행자에게 용기를 북돋아 준다
UI_RelicIcon_14002_5,14002,ko,뇌전 정복자의 시계,뇌전을 정복한 용사가 지닌 시계. 안속의 번개의 결정이 천둥 번개처럼 빨리 흘러가는 시간같이 쏟아진다
UI_RelicIcon_15035_1,15035,zh,灵露倾洒的狂诗,使用铜胎为底烧制的来通杯，过去曾灌满乐园的美酒。
UI_RelicIcon_15035_2,15035,zh,古海玄幽的夜想,模仿传说中的金蜂翅翼雕琢而成的羽饰，似乎会随着微风震颤。
UI_RelicIcon_15035_3,15035,zh,异想零落的圆舞,曾经覆以金箔的面具，或许是古时统帅军团之人的遗物。
UI_RelicIcon_15035_4,15035,zh,谐律交响的前奏,以黄金与青石点缀的怒放之花，曾是赐予不朽之人的荣章。
UI_RelicIcon_15035_5,15035,zh,命途轮转的谐谑,仿照命运之轮的样子打造的时计，如今早已无法转动。
UI_RelicIcon_15035_1,15035,en,Ichor Shower Rhapsody,"A rhyton fired with copper as the base, that was once filled with fine wine from paradise."
UI_RelicIcon_15035_2,15035,en,Ancient Sea's Nocturnal Musing,A feather accessory carved in the shape of the wings of the golden bees of legend. They seem to flutter with the slightest breeze.
UI_RelicIcon_15035_3,15035,en,Whimsical Dance of the Withered,A mask once covered in gold leaf. Perhaps it is a relic from some ancient officer of the legions.
UI_RelicIcon_15035_4,15035,en,Harmonious Symphony Prelude,"An honorary medal in the shape of a blooming flower. Adorned with blue stone and gold, it was once bestowed upon immortals."
UI_RelicIcon_15035_5,15035,en,The Grand Jape of the Turning of Fate,A timepiece made in imitation of the wheel of fate. It ceased turning long ago.
UI_RelicIcon_15035_1,15035,ja,降り注ぐイコルの狂詩,銅をベースにして焼き上げられたリュトン。かつては楽園の美酒で満たされていた。
UI_RelicIcon_15035_2,15035,ja,古海の幽深なる夜想,伝説の金の蜂の羽根を真似て作られた羽飾り。そよ風に吹かれて微かに震える。
UI_RelicIcon_15035_3,15035,ja,異想が枯れ落ちる円舞,かつては金箔で覆われていた仮面。古代、軍団を率いていた人物の遺物かもしれない。
UI_RelicIcon_15035_4,15035,ja,響き合う諧律の前奏,黄金と青き石で飾られた咲き誇る花。かつて、不滅の者に与えられた栄章であった。
UI_RelicIcon_15035_5,15035,ja,運命と輪廻の諧謔,運命の輪を模して作られた時計。今はもう回せなくなっている。
UI_RelicIcon_15035_1,15035,ko,영혼 이슬의 광시곡,"구리를 바탕으로 구워서 제작한 뿔잔, 한때는 낙원의 술이 그 안을 가득 채우고 있었다"
UI_RelicIcon_15035_2,15035,ko,고대 바다의 야상곡,전설 속 황금 벌의 날개를 따라 조각해 만든 깃털 장식. 마치 산들바람에 흔들거리는 것 같다
UI_RelicIcon_15035_3,15035,ko,영락한 공상의 왈츠,원래는 금박으로 덮여 있던 가면. 어쩌면 고대에 군단을 이끌었던 자가 남긴 물건일지도 모른다
UI_RelicIcon_15035_4,15035,ko,조화로운 전주곡,황금과 푸른 돌로 장식된 만개한 꽃. 과거에는 불멸자에게 주어졌던 영예의 상징이었다
UI_RelicIcon_15035_5,15035,ko,구르는 운명의 해학곡,운명의 수레바퀴를 본떠 만든 시계. 이미 오래전에 움직임을 멈췄다
UI_RelicIcon_15008_1,15008,zh,染血骑士之杯,辛焱专用
UI_RelicIcon_15008_2,15008,zh,染血的黑之羽,辛焱专用
UI_RelicIcon_15008_3,15008,zh,染血的铁假面,辛焱专用
UI_RelicIcon_15008_4,15008,zh,染血的铁之心,辛焱专用
UI_RelicIcon_15008_5,15008,zh,骑士染血之时,辛焱专用
UI_RelicIcon_15008_1,15008,en,Bloodstained Chevalier's Goblet,""
UI_RelicIcon_15008_2,15008,en,Bloodstained Black Plume,""
UI_RelicIcon_15008_3,15008,en,Bloodstained Iron Mask,""
UI_RelicIcon_15008_4,15008,en,Bloodstained Flower of Iron,""
UI_RelicIcon_15008_5,15008,en,Bloodstained Final Hour,""
UI_RelicIcon_15008_1,15008,ja,血染めの騎士のコップ,""
UI_RelicIcon_15008_2,15008,ja,血染めの黒羽,""
UI_RelicIcon_15008_3,15008,ja,血染めの鉄仮面,""
UI_RelicIcon_15008_4,15008,ja,血染めの鉄の心,""
UI_RelicIcon_15008_5,15008,ja,騎士が血に染めた時,""
UI_RelicIcon_15008_1,15008,ko,피에 물든 기사의 술잔,""
UI_RelicIcon_15008_2,15008,ko,피에 물든 검은 깃털,""
UI_RelicIcon_15008_3,15008,ko,피에 물든 철가면,""
UI_RelicIcon_15008_4,15008,ko,피에 물든 강철 심장,""
UI_RelicIcon_15008_5,15008,ko,피에 물든 기사의 시계,""
UI_RelicIcon_15019_1,15019,zh,祈望之心,待定
UI_RelicIcon_15019_2,15019,zh,思忆之矢,待定
UI_RelicIcon_15019_3,15019,zh,无常之面,待定
UI_RelicIcon_15019_4,15019,zh,羁缠之花,待定
UI_RelicIcon_15019_5,15019,zh,朝露之时,待定
UI_RelicIcon_15019_1,15019,en,Hopeful Heart,""
UI_RelicIcon_15019_2,15019,en,Shaft of Remembrance,""
UI_RelicIcon_15019_3,15019,en,Capricious Visage,""
UI_RelicIcon_15019_4,15019,en,Entangling Bloom,""
UI_RelicIcon_15019_5,15019,en,Morning Dew's Moment,""
UI_RelicIcon_15019_1,15019,ja,祈望の心,""
UI_RelicIcon_15019_2,15019,ja,憶念の矢,""
UI_RelicIcon_15019_3,15019,ja,無常の面,""
UI_RelicIcon_15019_4,15019,ja,羈絆の花,""
UI_RelicIcon_15019_5,15019,ja,朝露の時,""
UI_RelicIcon_15019_1,15019,ko,기도하는 마음,""
UI_RelicIcon_15019_2,15019,ko,회상의 화살,""
UI_RelicIcon_15019_3,15019,ko,무상의 가면,""
UI_RelicIcon_15019_4,15019,ko,속박의 꽃,""
UI_RelicIcon_15019_5,15019,ko,아침 이슬의 시간,""
UI_RelicIcon_15009_3,15009,zh,祭火礼冠,在古老的时代，司祭祀之人佩戴的礼冠。因为常年受火舌舔舐，具有奇妙的抗性。
UI_RelicIcon_15009_3,15009,en,Tiara of Flame,"A tiara worn by those tasked with offering sacrifices in ancient times. After being subjected to the dancing sacrificial flames year in and year out, it possesses remarkable resistance."
UI_RelicIcon_15009_3,15009,ja,火祭りの冠,大昔の時代の司祭が使用していた冠。長年火に焼かれていたため、不思議な耐性を持っている。
UI_RelicIcon_15009_3,15009,ko,제화의 관,옛날 옛적에 사제를 지낸 사람이 쓰던 예관(禮冠). 오랫동안 불의 단련을 받아 기묘한 내성이 생겼다
UI_RelicIcon_15005_1,15005,zh,降雷的凶兆,丽莎专用
UI_RelicIcon_15005_2,15005,zh,雷灾的孑遗,丽莎专用
UI_RelicIcon_15005_3,15005,zh,唤雷的头冠,菲谢尔专用
UI_RelicIcon_15005_4,15005,zh,雷鸟的怜悯,菲谢尔专用
UI_RelicIcon_15005_5,15005,zh,雷霆的时计,菲谢尔专用
UI_RelicIcon_15005_1,15005,en,Omen of Thunderstorm,""
UI_RelicIcon_15005_2,15005,en,Survivor of Catastrophe,""
UI_RelicIcon_15005_3,15005,en,Thunder Summoner's Crown,""
UI_RelicIcon_15005_4,15005,en,Thunderbird's Mercy,""
UI_RelicIcon_15005_5,15005,en,Hourglass of Thunder,""
UI_RelicIcon_15005_1,15005,ja,落雷の前兆,""
UI_RelicIcon_15005_2,15005,ja,雷災の生存者,""
UI_RelicIcon_15005_3,15005,ja,雷を呼ぶ冠,""
UI_RelicIcon_15005_4,15005,ja,雷鳥の憐み,""
UI_RelicIcon_15005_5,15005,ja,雷霆の時計,""
UI_RelicIcon_15005_1,15005,ko,낙뢰의 흉조,""
UI_RelicIcon_15005_2,15005,ko,번개 재앙의 생존자,""
UI_RelicIcon_15005_3,15005,ko,번개를 부르는 모자,""
UI_RelicIcon_15005_4,15005,ko,뇌조의 연민,""
UI_RelicIcon_15005_5,15005,ko,뇌정의 시계,""
UI_RelicIcon_14003_1,14003,zh,渡火者的醒悟,传说中是能耐流火高热的杯盏，如今其中空无一物仅有余温。
UI_RelicIcon_14003_2,14003,zh,渡火者的解脱,浴火的孤高之鸟的羽毛，似乎能从中听到野火里的振翅之声。
UI_RelicIcon_14003_3,14003,zh,渡火者的智慧,渡过火海的智者之冠，曾经映照着在热浪中挺立的古老身影。
UI_RelicIcon_14003_4,14003,zh,渡火者的决绝,在烈焰的簇拥下盛开的花朵，传说古代智者佩着它走进了火海。
UI_RelicIcon_14003_5,14003,zh,渡火者的煎熬,流淌着闪烁热砂的沙漏。流沙匆匆而去，从不留下任何烙印。
UI_RelicIcon_14003_1,14003,en,Lavawalker's Epiphany,A legendary goblet that can withstand extremely high temperatures. It still retains a degree of warmth even though it is now empty.
UI_RelicIcon_14003_2,14003,en,Lavawalker's Salvation,The feather of a proud phoenix. You can almost hear the sound of its wings flapping in the scorching flames.
UI_RelicIcon_14003_3,14003,en,Lavawalker's Wisdom,The circlet of a sage who traversed a sea of fire. It once shone brightly from their ancient silhouette as they stood strong amidst the flames.
UI_RelicIcon_14003_4,14003,en,Lavawalker's Resolution,"A flower that blooms amidst burning flames. It is said that long ago, a sage once wore it as he walked into a sea of fire."
UI_RelicIcon_14003_5,14003,en,Lavawalker's Torment,"Burning sand flows within this hourglass. Despite the intense heat, the sand leave no mark upon the vessel that houses it."
UI_RelicIcon_14003_1,14003,ja,火渡りの悟り,流火の高熱を耐えるコップ、何が入っていなくてもその熱さを感じられる。
UI_RelicIcon_14003_2,14003,ja,火渡りの解放,火を浴びる孤高な鳥の羽根、炎の中で羽ばたく音が聞こえる。
UI_RelicIcon_14003_3,14003,ja,火渡りの知恵,火の海を渡った賢者の冠、熱い浪の中に立つ古い姿を映したものである。
UI_RelicIcon_14003_4,14003,ja,火渡りの堅実,烈火の中で咲く花、古代の知者はそれをつけて火の海に入ったらしい。
UI_RelicIcon_14003_5,14003,ja,火渡りの苦しみ,光る熱砂が流れる砂時計。砂は流れていき、何の烙印も残さない。
UI_RelicIcon_14003_1,14003,ko,불 위를 걷는 자의 깨달음,전설에 의하면 흐르는 불과 초고온의 열기를 버틴다는 잔. 오늘날에는 오직 잔열만 남아있다
UI_RelicIcon_14003_2,14003,ko,불 위를 걷는 자의 해탈,불속을 나는 고고한 새의 깃털. 들판을 태우는 불속에서 날갯짓하는 소리가 들리는 것만 같다
UI_RelicIcon_14003_3,14003,ko,불 위를 걷는 자의 지혜,불타는 바다를 가로질렀던 현자의 모자. 과거에 열기의 파도 속에서 우뚝 서있는 고대인의 모습을 비춘 적 있다
UI_RelicIcon_14003_4,14003,ko,불 위를 걷는 자의 결단,뜨겁게 타오르는 화염 속에서 피어나는 꽃. 전설에 의하면 고대의 현자가 이를 착용한 채 불바다에 걸어들어갔다고 한다
UI_RelicIcon_14003_5,14003,ko,불 위를 걷는 자의 시련,반짝이는 뜨거운 모래가 들어있는 모래시계. 흘러내리는 모래는 어떠한 흔적도 남기지 않는다
UI_RelicIcon_15023_1,15023,zh,结契之刻,古老的晶砂之杯，似乎未尝被岁月磨洗暗淡。
UI_RelicIcon_15023_2,15023,zh,潜光片羽,一片光泽暗淡的翎羽，凝聚着浓重的记忆。
UI_RelicIcon_15023_3,15023,zh,虺雷之姿,据称是山民为夜叉所打造的头冠，外观古朴，但其表面光亮不失润泽。
UI_RelicIcon_15023_4,15023,zh,生灵之华,古老的纪念物，恰如数百年前将它保存的生灵一般鲜活。
UI_RelicIcon_15023_5,15023,zh,阳辔之遗,外观坚实的古代时计，有着晶砂的光泽。
UI_RelicIcon_15023_1,15023,en,Moment of the Pact,An old cup made of sand crystal. Its luster is somehow undimmed by age.
UI_RelicIcon_15023_2,15023,en,Feather of Nascent Light,A dimly lustrous pinion steeped in strong memories.
UI_RelicIcon_15023_3,15023,en,Thundering Poise,"This mask is said to have been made by the mountain people for a Yaksha. It is of simple make, but its surface still shines brightly nonetheless."
UI_RelicIcon_15023_4,15023,en,Flowering Life,An ancient memento. It still looks as alive as the being that preserved it several centuries ago.
UI_RelicIcon_15023_5,15023,en,Solar Relic,An ancient timepiece with a mighty solid look. Its luster is produced by sand crystal.
UI_RelicIcon_15023_1,15023,ja,契約の時,いにしえの晶砂の杯。歳月の侵食を受けてもなお、まだ色褪せてはいないようだ。
UI_RelicIcon_15023_2,15023,ja,潜光の羽,薄暗い質感を持った羽。重々しい記憶を秘めている。
UI_RelicIcon_15023_3,15023,ja,虺雷の姿,山民が夜叉のために作ったと言われる冠。古朴な見た目だが、光沢があり艶やかである。
UI_RelicIcon_15023_4,15023,ja,生霊の華,いにしえの時を思い起こす品。まるで数百年前に保存された生霊のごとく生気を放っている。
UI_RelicIcon_15023_5,15023,ja,陽轡の遺品,頑丈な見た目をした古代の時計。晶砂の光沢が特徴的。
UI_RelicIcon_15023_1,15023,ko,계약의 순간,유리 결정으로 만든 오래된 잔. 광택은 세월의 시련을 이겨낸 듯하다
UI_RelicIcon_15023_2,15023,ko,숨겨진 빛의 깃털,"어슴푸레한 빛깔의 깃털, 농후한 기억이 응축되어 있다"
UI_RelicIcon_15023_3,15023,ko,번개의 자태,산골 주민이 야차를 위해 만든 모자라고 한다. 수수한 외관이지만 표면에는 윤기가 흐른다
UI_RelicIcon_15023_4,15023,ko,생령의 꽃,"오래된 기념물, 수백 년 전에 이 꽃을 보존했던 생령처럼 생기가 넘친다"
UI_RelicIcon_15023_5,15023,ko,태양의 유물,"외관이 튼실한 고대 시계, 유리 모래 같은 광택이 느껴진다"
UI_RelicIcon_15028_1,15028,zh,守秘的魔瓶,紫色水晶雕成的小瓶，被祖母绿的瓶盖紧紧封装着。
UI_RelicIcon_15028_2,15028,zh,谢落的筵席,早已绝迹的鸟类留下的羽毛，被古代花神的信徒镶嵌了亮丽的黄金与宝石。
UI_RelicIcon_15028_3,15028,zh,紫晶的花冠,镶嵌着紫水晶与祖母绿的冠冕，似乎是古代花神祭司的头饰。
UI_RelicIcon_15028_4,15028,zh,月女的华彩,精雕细琢的紫水晶之花，其形态描摹了一种近乎绝迹的古代花朵。
UI_RelicIcon_15028_5,15028,zh,凝结的时刻,不再流动的沙漏，无论如何颠倒，都不再回应时间的流动。
UI_RelicIcon_15028_1,15028,en,Secret-Keeper's Magic Bottle,A small bottle made of purple crystal. An emerald cap keeps it tightly sealed.
UI_RelicIcon_15028_2,15028,en,Wilting Feast,A feather left behind by a long-extinct bird species. It was inlaid with gold and gems by the ancient adherents of the Goddess of Flowers.
UI_RelicIcon_15028_3,15028,en,Amethyst Crown,A crown inlaid with amethyst and emerald. It seems to have been the headgear worn by ancient priests of the Goddess of Flowers.
UI_RelicIcon_15028_4,15028,en,Ay-Khanoum's Myriad,"An amethyst bloom that has been beautifully sculpted in the image of an ancient, extinct flower."
UI_RelicIcon_15028_5,15028,en,A Moment Congealed,"These sands no longer move no matter how you tilt the hourglass, now and forever defying the drift of time itself."
UI_RelicIcon_15028_1,15028,ja,守秘の魔瓶,紫色の水晶から彫られた小さな瓶。エメラルドの蓋によりしっかりと密封されている。
UI_RelicIcon_15028_2,15028,ja,落謝の宴席,遠い昔に絶滅した鳥が残した羽。古代の花神の信者によって、華やかな黄金と宝石があしらわれた。
UI_RelicIcon_15028_3,15028,ja,紫晶の花冠,紫水晶とエメラルドが散りばめられている冠。古代の花神の祭司が身につけていた髪飾りのようだ。
UI_RelicIcon_15028_4,15028,ja,月娘の華彩,精巧に彫られた紫水晶の花。今はもうほとんど絶滅してしまった古代の花を模している。
UI_RelicIcon_15028_5,15028,ja,凝結の刹那,砂が流れなくなった砂時計。いくら逆さまにしても、時間は流れない。
UI_RelicIcon_15028_1,15028,ko,비밀을 지키는 요술병,보랏빛 수정으로 만든 작은 병. 에메랄드 뚜껑으로 단단하게 밀봉되어 있다
UI_RelicIcon_15028_2,15028,ko,시들어버린 연회,오래전에 멸종한 새가 남긴 깃털. 고대 꽃의 신의 신도에 의해 황금과 보석으로 화려하게 장식되었다
UI_RelicIcon_15028_3,15028,ko,자수정 화관,자수정과 에메랄드가 박혀 있는 왕관. 고대 꽃의 신의 제사장이 착용했던 장신구로 보인다
UI_RelicIcon_15028_4,15028,ko,월녀의 색채,정교하게 조각된 자수정 꽃. 지금은 거의 멸종된 고대의 꽃을 묘사해냈다
UI_RelicIcon_15028_5,15028,ko,엉겨 붙은 찰나,더 이상 흐르지 않는 모래시계. 아무리 뒤집고 기울여도 시간의 흐름에 응답하지 않는다
UI_RelicIcon_15001_1,15001,zh,角斗士的酣醉,雷泽专用
UI_RelicIcon_15001_2,15001,zh,角斗士的归宿,雷泽专用
UI_RelicIcon_15001_3,15001,zh,角斗士的凯旋,雷泽专用
UI_RelicIcon_15001_4,15001,zh,角斗士的留恋,雷泽专用
UI_RelicIcon_15001_5,15001,zh,角斗士的希冀,雷泽专用
UI_RelicIcon_15001_1,15001,en,Gladiator's Intoxication,""
UI_RelicIcon_15001_2,15001,en,Gladiator's Destiny,""
UI_RelicIcon_15001_3,15001,en,Gladiator's Triumphus,""
UI_RelicIcon_15001_4,15001,en,Gladiator's Nostalgia,""
UI_RelicIcon_15001_5,15001,en,Gladiator's Longing,""
UI_RelicIcon_15001_1,15001,ja,剣闘士の酩酊,""
UI_RelicIcon_15001_2,15001,ja,剣闘士の帰着,""
UI_RelicIcon_15001_3,15001,ja,剣闘士の凱旋,""
UI_RelicIcon_15001_4,15001,ja,剣闘士の未練,""
UI_RelicIcon_15001_5,15001,ja,剣闘士の希望,""
UI_RelicIcon_15001_1,15001,ko,검투사의 취기,""
UI_RelicIcon_15001_2,15001,ko,검투사의 귀결,""
UI_RelicIcon_15001_3,15001,ko,검투사의 개선,""
UI_RelicIcon_15001_4,15001,ko,검투사의 미련,""
UI_RelicIcon_15001_5,15001,ko,검투사의 희망,""
UI_RelicIcon_10010_1,10010,zh,冒险家金杯,冒险家某次出征的战利品，虽然有缺口，仍然是值得骄傲的猎获。
UI_RelicIcon_10010_2,10010,zh,冒险家尾羽,异国的奇妙鸟类的羽毛，在这片大陆上非常罕见。
UI_RelicIcon_10010_3,10010,zh,冒险家头带,束在额前的饰带，吸满了汗液、覆盖着尘土。但脏污难以遮掩冒险家的骄傲。
UI_RelicIcon_10010_4,10010,zh,冒险家之花,从深邃的古都寻得的绝境求生的小花，被当做骄傲的勋章佩在胸前。
UI_RelicIcon_10010_5,10010,zh,冒险家怀表,常在不见天日的巨渊还是失落的古都流连的冒险家，会经常忘记时间。
UI_RelicIcon_10010_1,10010,en,Adventurer's Golden Goblet,"The spoils of one of an adventurer's many expeditions. Though a little damaged, it is still an excellent find."
UI_RelicIcon_10010_2,10010,en,Adventurer's Tail Feather,The feather of an exotic bird rarely seen on this continent.
UI_RelicIcon_10010_3,10010,en,Adventurer's Bandana,"A cloth garment worn at the forehead. Though soaked in sweat and covered in dust, it still beams with an adventurer's pride."
UI_RelicIcon_10010_4,10010,en,Adventurer's Flower,A resilient flower that survived the harsh environment of an ancient city. It is now proudly worn like a medal.
UI_RelicIcon_10010_5,10010,en,Adventurer's Pocket Watch,"It's easy to lose track of time when you're adventuring where the sun doesn't shine, whether that's the depths of the abyss or the ruins of a lost city."
UI_RelicIcon_10010_1,10010,ja,冒険者の金杯,冒険の戦利品だと思われる。欠けはあるが、それでも自慢できるものだ。
UI_RelicIcon_10010_2,10010,ja,冒険者の羽根,異国の不思議な鳥から取った羽根、この大陸では非常に珍しい。
UI_RelicIcon_10010_3,10010,ja,冒険者のバンダナ,汗と塵がたくさんついたバンダナは汚れているが、それでも冒険者の自慢である。
UI_RelicIcon_10010_4,10010,ja,冒険者の花,深き古都の絶境で手に入れた花、自慢の勲章として胸元につけられた。
UI_RelicIcon_10010_5,10010,ja,冒険者の懐中時計,太陽が見えない深淵や失われた古都で探検する冒険者はよく時間を忘れてしまう。
UI_RelicIcon_10010_1,10010,ko,모험가의 황금잔,모험가가 어떤 모험에서 얻은 황금잔. 비록 흠이 있더라도 여전히 자랑스러운 전리품이다
UI_RelicIcon_10010_2,10010,ko,모험가의 꽁지 깃털,"이국의 기묘한 조류의 깃털, 이 대륙에선 매우 희귀하다"
UI_RelicIcon_10010_3,10010,ko,모험가의 머리띠,이마에 묶인 장식 띠는 땀과 먼지 범벅이다. 약간 더럽기도 하지만 탐험가의 자랑이기도 하다
UI_RelicIcon_10010_4,10010,ko,모험가의 꽃,깊은 고대 도시에서 얻은 절체절명의 위기에서 핀 꽃. 자랑스러운 훈장으로 가슴에 달아졌다
UI_RelicIcon_10010_5,10010,ko,모험가의 회중시계,늘 하늘이 보이지 않는 거대한 심연과 고대 도시에서 시간을 보내는 모험가는 시간을 자주 잊는다
